species,family,mass_bin,year_decade
Aburria aburri,Cracidae,3.0,1820
Acanthiza cinerea,Acanthizidae,0.5,1870
Acanthiza robustirostris,Acanthizidae,0.5,1900
Acanthornis magna,Acanthizidae,1.0,1850
Accipiter brevipes,Accipitridae,2.0,1850
Accipiter castanilius,Accipitridae,2.0,1850
Accipiter cooperii,Accipitridae,2.5,1820
Accipiter erythropus,Accipitridae,2.0,1850
Accipiter fasciatus,Accipitridae,2.5,1820
Accipiter francesiae,Accipitridae,2.0,1830
Accipiter griseiceps,Accipitridae,2.0,1840
Accipiter melanoleucus,Accipitridae,2.5,1830
Accipiter meyerianus,Accipitridae,2.5,1870
Accipiter nanus,Accipitridae,2.0,1890
Accipiter novaehollandiae,Accipitridae,2.5,1780
Accipiter poliocephalus,Accipitridae,2.0,1850
Accipiter rufitorques,Accipitridae,2.0,1840
Accipiter rufiventris,Accipitridae,2.0,1830
Accipiter soloensis,Accipitridae,2.0,1820
Accipiter trinotatus,Accipitridae,2.0,1850
Accipiter trivirgatus,Accipitridae,2.0,1820
Acrocephalus atyphus,Acrocephalidae,1.0,1910
Acrocephalus gracilirostris,Acrocephalidae,1.0,1860
Acrocephalus newtoni,Acrocephalidae,1.0,1860
Acrocephalus orinus,Acrocephalidae,1.0,1900
Acrocephalus palustris,Acrocephalidae,1.0,1790
Acrocephalus percernis,Acrocephalidae,1.0,1910
Acrocephalus rodericanus,Acrocephalidae,1.0,1860
Acrocephalus rufescens,Acrocephalidae,1.0,1870
Aethia pygmaea,Alcidae,2.0,1780
Aethopyga magnifica,Nectariniidae,0.5,1870
Agapornis swindernianus,Psittacidae,1.5,1820
Agelasticus xanthophthalmus,Icteridae,1.5,1960
Agraphospiza rubescens,Fringillidae,1.0,1870
Aix galericulata,Anatidae,2.5,1750
Aix sponsa,Anatidae,2.5,1750
Alauda gulgula,Alaudidae,1.0,1830
Alaudala somalica,Alaudidae,1.0,1890
Alca torda,Alcidae,2.5,1750
Alcedo quadribrachys,Alcedinidae,1.5,1850
Alcedo semitorquata,Alcedinidae,1.5,1820
Alectoris magna,Phasianidae,2.5,1870
Alectoris philbyi,Phasianidae,2.5,1930
Alectroenas pulcherrimus,Columbidae,2.0,1780
Alethe castanea,Muscicapidae,1.0,1850
Alexandrinus krameri,Psittacidae,2.0,1760
Alophoixus frater,Pycnonotidae,1.5,1870
Alophoixus ochraceus,Pycnonotidae,1.5,1850
Alopochen aegyptiaca,Anatidae,3.0,1760
Amaurornis marginalis,Rallidae,1.5,1850
Amazona mercenarius,Psittacidae,2.5,1840
Amazona xantholora,Psittacidae,2.0,1850
Amazonetta brasiliensis,Anatidae,2.5,1780
Amblyornis inornata,Ptilonorhynchidae,2.0,1870
Ammodramus savannarum,Passerellidae,1.0,1780
Ammomanes cinctura,Alaudidae,1.0,1830
Ammomanopsis grayi,Alaudidae,1.0,1850
Amytornis barbatus,Maluridae,1.0,1960
Amytornis purnelli,Maluridae,1.0,1910
Anas acuta,Anatidae,2.5,1750
Anas andium,Anatidae,2.5,1870
Anas bahamensis,Anatidae,2.5,1750
Anas capensis,Anatidae,2.5,1780
Anas castanea,Anatidae,2.5,1830
Anas eatoni,Anatidae,2.5,1870
Anas erythrorhyncha,Anatidae,2.5,1780
Anas flavirostris,Anatidae,2.5,1810
Anas georgica,Anatidae,2.5,1780
Anas gibberifrons,Anatidae,2.5,1840
Anas gracilis,Anatidae,2.5,1860
Anas luzonica,Anatidae,2.5,1830
Anas platyrhynchos,Anatidae,2.5,1750
Anas poecilorhyncha,Anatidae,2.5,1780
Anas sparsa,Anatidae,2.5,1830
Anas superciliosa,Anatidae,2.5,1780
Anas undulata,Anatidae,3.0,1830
Anas zonorhyncha,Anatidae,3.0,1860
Andigena nigrirostris,Ramphastidae,2.5,1830
Anopetia gounellei,Trochilidae,0.5,1890
Anous ceruleus,Laridae,1.5,1840
Anous minutus,Laridae,2.0,1840
Anser albifrons,Anatidae,3.0,1760
Anser brachyrhynchus,Anatidae,3.0,1830
Anser caerulescens,Anatidae,3.0,1750
Anthreptes griseigularis,Nectariniidae,1.0,1870
Anthreptes orientalis,Nectariniidae,1.0,1880
Anthreptes reichenowi,Nectariniidae,0.5,1900
Anthus hodgsoni,Motacillidae,1.0,1900
Anthus pallidiventris,Motacillidae,1.0,1880
Anthus sylvanus,Motacillidae,1.0,1840
Apalis argentea,Cisticolidae,0.5,1940
Apalis bamendae,Cisticolidae,0.5,1920
Apalis melanocephala,Cisticolidae,0.5,1880
Apalis ruddi,Cisticolidae,0.5,1900
Aphelocoma unicolor,Corvidae,2.0,1840
Aplonis insularis,Sturnidae,1.5,1930
Aplonis minor,Sturnidae,1.5,1850
Aplonis mystacea,Sturnidae,1.5,1910
Apus batesi,Apodidae,1.0,1900
Aquila africana,Accipitridae,3.0,1860
Aquila audax,Accipitridae,3.5,1800
Aquila chrysaetos,Accipitridae,3.5,1750
Aquila fasciata,Accipitridae,3.0,1820
Ara severus,Psittacidae,2.5,1750
Aramides calopterus,Rallidae,2.5,1870
Aramides wolfi,Rallidae,2.5,1880
Aratinga maculata,Psittacidae,2.0,1770
Arborophila rubrirostris,Phasianidae,2.0,1870
Ardea sumatrana,Ardeidae,3.0,1820
Ardenna pacifica,Procellariidae,2.5,1780
Ardenna tenuirostris,Procellariidae,2.5,1830
Ardeotis australis,Otididae,3.5,1820
Arenaria melanocephala,Scolopacidae,2.0,1820
Argya altirostris,Leiotrichidae,1.5,1900
Arizelocichla chlorigula,Pycnonotidae,1.5,1890
Arizelocichla nigriceps,Pycnonotidae,1.5,1880
Arremonops chloronotus,Passerellidae,1.0,1860
Arses lorealis,Monarchidae,1.0,1890
Aspatha gularis,Momotidae,1.5,1840
Asthenes helleri,Furnariidae,1.0,1920
Asthenes pudibunda,Furnariidae,1.0,1870
Asthenes virgata,Furnariidae,1.0,1870
Astrapia rothschildi,Paradisaeidae,2.0,1900
Atlapetes melanocephalus,Passerellidae,1.0,1880
Atlapetes pallidinucha,Passerellidae,1.5,1840
Atlapetes rufigenis,Passerellidae,1.5,1890
Aviceda cuculoides,Accipitridae,2.0,1830
Aviceda jerdoni,Accipitridae,2.5,1840
Aviceda leuphotes,Accipitridae,2.0,1820
Aviceda madagascariensis,Accipitridae,2.0,1830
Aviceda subcristata,Accipitridae,2.5,1830
Aythya affinis,Anatidae,2.5,1830
Aythya americana,Anatidae,3.0,1830
Aythya australis,Anatidae,2.5,1830
Aythya fuligula,Anatidae,2.5,1750
Aythya marila,Anatidae,3.0,1760
Aythya novaeseelandiae,Anatidae,2.5,1780
Bambusicola thoracicus,Phasianidae,2.0,1810
Bangsia melanochlamys,Thraupidae,1.5,1910
Bangsia rothschildi,Thraupidae,1.5,1890
Basileuterus lachrymosus,Parulidae,1.0,1850
Batis ituriensis,Platysteiridae,1.0,1920
Batis orientalis,Platysteiridae,1.0,1870
Bolborhynchus lineola,Psittacidae,1.5,1850
Brachypodius atriceps,Pycnonotidae,1.0,1820
Bradypterus cinnamomeus,Locustellidae,1.0,1840
Branta bernicla,Anatidae,3.0,1750
Branta canadensis,Anatidae,3.0,1750
Branta hutchinsii,Anatidae,3.0,1830
Brotogeris cyanoptera,Psittacidae,1.5,1870
Bubo bubo,Strigidae,3.0,1750
Bubo lacteus,Strigidae,3.0,1820
Bubo leucostictus,Strigidae,2.5,1850
Bucephala albeola,Anatidae,2.5,1750
Bucephala clangula,Anatidae,2.5,1750
Bucephala islandica,Anatidae,2.5,1780
Burhinus capensis,Burhinidae,2.5,1820
Butastur indicus,Accipitridae,2.5,1780
Butastur liventer,Accipitridae,2.5,1820
Butastur rufipennis,Accipitridae,2.5,1850
Butastur teesa,Accipitridae,2.5,1830
Buteo albonotatus,Accipitridae,2.5,1840
Buteo auguralis,Accipitridae,2.5,1860
Buteo brachypterus,Accipitridae,2.5,1860
Buteo hemilasius,Accipitridae,3.0,1840
Buteo japonicus,Accipitridae,2.5,1840
Buteo lineatus,Accipitridae,2.5,1780
Buteo plagiatus,Accipitridae,2.5,1860
Buteo platypterus,Accipitridae,2.5,1820
Buteo regalis,Accipitridae,3.0,1840
Buteo rufinus,Accipitridae,3.0,1820
Buteo swainsoni,Accipitridae,2.5,1830
Buteogallus anthracinus,Accipitridae,2.5,1830
Buteogallus schistaceus,Accipitridae,2.5,1850
Bycanistes albotibialis,Bucerotidae,2.5,1870
Bycanistes bucinator,Bucerotidae,2.5,1820
Bycanistes subcylindricus,Bucerotidae,3.0,1870
Cacatua leadbeateri,Cacatuidae,2.5,1830
Cacicus sclateri,Icteridae,1.5,1880
Cairina moschata,Anatidae,3.0,1750
Calamanthus campestris,Acanthizidae,1.0,1840
Calandrella blanfordi,Alaudidae,1.0,1900
Calandrella dukhunensis,Alaudidae,1.0,1830
Calcarius pictus,Calcariidae,1.0,1830
Calendulauda africanoides,Alaudidae,1.0,1830
Calendulauda albescens,Alaudidae,1.0,1830
Calendulauda sabota,Alaudidae,1.0,1830
Calidris bairdii,Scolopacidae,1.5,1860
Calidris melanotos,Scolopacidae,1.5,1810
Calidris temminckii,Scolopacidae,1.0,1810
Calliope tschebaiewi,Muscicapidae,1.0,1870
Callipepla squamata,Odontophoridae,2.0,1830
Callonetta leucophrys,Anatidae,2.5,1810
Caloramphus fuliginosus,Megalaimidae,1.5,1830
Calypte anna,Trochilidae,0.5,1820
Camaroptera brachyura,Cisticolidae,0.5,1820
Campephaga quiscalina,Campephagidae,1.5,1860
Campephilus magellanicus,Picidae,2.5,1820
Campephilus rubricollis,Picidae,2.0,1780
Campochaera sloetii,Campephagidae,1.5,1860
Camptostoma imberbe,Tyrannidae,0.5,1850
Cantorchilus griseus,Troglodytidae,1.0,1920
Cantorchilus leucopogon,Troglodytidae,1.0,1890
Capito maculicoronatus,Capitonidae,1.5,1860
Caprimulgus affinis,Caprimulgidae,1.5,1820
Caprimulgus andamanicus,Caprimulgidae,1.5,1870
Caprimulgus inornatus,Caprimulgidae,1.5,1860
Caprimulgus mahrattensis,Caprimulgidae,1.5,1830
Carduelis corsicana,Fringillidae,1.0,1890
Carpodacus roborowskii,Fringillidae,1.5,1880
Carpodacus rodochroa,Fringillidae,1.0,1830
Carpodacus rubicilloides,Fringillidae,1.5,1870
Carpodacus waltoni,Fringillidae,1.0,1900
Cataponera turdoides,Turdidae,1.5,1890
Cecropis hyperythra,Hirundinidae,1.0,1840
Celeus spectabilis,Picidae,2.0,1880
Centropus anselli,Cuculidae,2.0,1870
Centropus cupreicaudus,Cuculidae,2.0,1890
Centropus sinensis,Cuculidae,2.0,1810
Centropus violaceus,Cuculidae,2.5,1830
Cepphus grylle,Alcidae,2.5,1750
Ceratopipra mentalis,Pipridae,1.0,1850
Cercomacra manu,Thamnophilidae,1.0,1990
Cercomacroides fuscicauda,Thamnophilidae,1.0,1930
Cercomacroides laeta,Thamnophilidae,1.0,1920
Cercotrichas hartlaubi,Muscicapidae,1.0,1890
Certhidea fusca,Thraupidae,0.5,1870
Ceyx gentianus,Alcedinidae,1.0,1870
Ceyx margarethae,Alcedinidae,1.0,1890
Chalcophaps indica,Columbidae,2.0,1750
Chalcophaps longirostris,Columbidae,2.0,1840
Chalcopsitta atra,Psittacidae,2.0,1780
Chalcopsitta cardinalis,Psittacidae,2.0,1840
Chalcopsitta duivenbodei,Psittacidae,2.0,1880
Chamaepetes unicolor,Cracidae,3.0,1860
Charadrius alexandrinus,Charadriidae,1.5,1750
Charadrius asiaticus,Charadriidae,1.5,1770
Charadrius dubius,Charadriidae,1.5,1780
Charadrius modestus,Charadriidae,1.5,1820
Charadrius pallidus,Charadriidae,1.5,1850
Charadrius placidus,Charadriidae,1.5,1860
Chiroxiphia linearis,Pipridae,1.0,1830
Chlamydochaera jefferyi,Turdidae,1.5,1880
Chloris ambigua,Fringillidae,1.0,1890
Chloroceryle americana,Alcedinidae,1.5,1780
Chlorophoneus nigrifrons,Malaconotidae,1.5,1890
Chlorophonia flavirostris,Fringillidae,1.0,1860
Chloropsis aurifrons,Chloropseidae,1.5,1820
Chlorospingus parvirostris,Passerellidae,1.0,1900
Chlorospingus semifuscus,Passerellidae,1.0,1870
Chlorospingus tacarcunae,Passerellidae,1.0,1920
Chlorostilbon russatus,Trochilidae,0.5,1880
Chrysocolaptes haematribon,Picidae,2.0,1820
Chrysocolaptes validus,Picidae,2.0,1820
Chrysomus icterocephalus,Icteridae,1.0,1760
Ciconia abdimii,Ciconiidae,3.0,1820
Ciconia maguari,Ciconiidae,3.5,1780
Cinclodes olrogi,Furnariidae,1.0,1970
Cinclodes taczanowskii,Furnariidae,1.5,1890
Cincloramphus mathewsi,Locustellidae,1.0,1910
Cincloramphus timoriensis,Locustellidae,1.0,1860
Cinnycerthia peruana,Troglodytidae,1.0,1870
Cinnyris moreaui,Nectariniidae,0.5,1930
Cinnyris usambaricus,Nectariniidae,0.5,1920
Circaetus cinereus,Accipitridae,3.0,1810
Circaetus pectoralis,Accipitridae,3.0,1820
Circus approximans,Accipitridae,2.5,1840
Circus assimilis,Accipitridae,2.5,1820
Circus buffoni,Accipitridae,2.5,1780
Circus ranivorus,Accipitridae,2.5,1800
Circus spilonotus,Accipitridae,2.5,1840
Circus spilothorax,Accipitridae,2.5,1870
Cissa hypoleuca,Corvidae,2.0,1880
Cisticola luapula,Cisticolidae,1.0,1930
Cisticola njombe,Cisticolidae,1.0,1930
Cisticola pipiens,Cisticolidae,1.0,1930
Clamator coromandus,Cuculidae,1.5,1760
Clanga pomarina,Accipitridae,3.0,1830
Colinus nigrogularis,Odontophoridae,2.0,1840
Colonia colonus,Tyrannidae,1.0,1810
Columba albinucha,Columbidae,2.5,1910
Columba iriditorques,Columbidae,2.0,1850
Columba janthina,Columbidae,2.5,1830
Columba oenas,Columbidae,2.0,1750
Columba oliviae,Columbidae,2.0,1910
Columba palumbus,Columbidae,2.5,1750
Columbina inca,Columbidae,1.5,1840
Conirostrum tamarugense,Thraupidae,1.0,1970
Coracias garrulus,Coraciidae,2.0,1750
Coracopsis vasa,Psittacidae,2.5,1810
Corvus moneduloides,Corvidae,2.0,1830
Corvus ossifragus,Corvidae,2.0,1810
Corvus ruficollis,Corvidae,2.5,1830
Cossypha heuglini,Muscicapidae,1.5,1860
Cossypha natalensis,Muscicapidae,1.5,1840
Coturnix delegorguei,Phasianidae,1.5,1840
Coua reynaudii,Cuculidae,2.0,1840
Cranioleuca hellmayri,Furnariidae,1.0,1900
Cranioleuca muelleri,Furnariidae,1.0,1910
Crax alector,Cracidae,3.0,1760
Creagrus furcatus,Laridae,2.5,1840
Crinifer piscator,Musophagidae,2.5,1780
Crithagra buchanani,Fringillidae,1.0,1910
Crithagra donaldsoni,Fringillidae,1.0,1890
Crossleyia xanthophrys,Bernieridae,1.0,1870
Crossoptilon mantchuricum,Phasianidae,3.0,1860
Crypsirina cucullata,Corvidae,2.0,1860
Cryptophaps poecilorrhoa,Columbidae,2.5,1870
Crypturellus bartletti,Tinamidae,2.0,1870
Cuculus micropterus,Cuculidae,1.5,1830
Cursorius cursor,Glareolidae,2.0,1780
Cursorius rufus,Glareolidae,1.5,1830
Cyanolyca pumilo,Corvidae,1.5,1840
Cyanomitra alinae,Nectariniidae,1.0,1900
Cygnus cygnus,Anatidae,3.5,1750
Cyornis hainanus,Muscicapidae,1.0,1900
Cyornis poliogenys,Muscicapidae,1.0,1880
Cypsnagra hirundinacea,Thraupidae,1.0,1830
Delichon nipalense,Hirundinidae,1.0,1850
Dendragapus fuliginosus,Phasianidae,3.0,1870
Dendragapus obscurus,Phasianidae,3.0,1820
Dendrocygna autumnalis,Anatidae,2.5,1750
Dendrocygna bicolor,Anatidae,2.5,1810
Dendrocygna eytoni,Anatidae,2.5,1830
Dendrocygna guttata,Anatidae,2.5,1860
Dendrocygna viduata,Anatidae,2.5,1760
Dendropicos elachus,Picidae,1.0,1910
Dicaeum haematostictum,Dicaeidae,0.5,1870
Dicaeum hypoleucum,Dicaeidae,0.5,1870
Dicaeum pygmaeum,Dicaeidae,0.5,1830
Dicrurus andamanensis,Dicruridae,1.5,1860
Dicrurus sumatranus,Dicruridae,1.5,1880
Diglossa duidae,Thraupidae,1.0,1920
Diglossa indigotica,Thraupidae,1.0,1850
Dinemellia dinemelli,Ploceidae,1.5,1840
Discosura conversii,Trochilidae,0.0,1840
Dives dives,Icteridae,1.5,1830
Dives warczewiczi,Icteridae,1.5,1860
Dromococcyx phasianellus,Cuculidae,1.5,1820
Drymophila klagesi,Thamnophilidae,1.0,1910
Dryotriorchis spectabilis,Accipitridae,2.5,1860
Ducula forsteni,Columbidae,2.5,1850
Ducula latrans,Columbidae,2.5,1840
Ducula luctuosa,Columbidae,2.5,1820
Ducula melanochroa,Columbidae,2.5,1870
Ducula rufigaster,Columbidae,2.5,1830
Ducula spilorrhoa,Columbidae,2.5,1850
Ducula whartoni,Columbidae,2.5,1880
Ducula zoeae,Columbidae,2.5,1820
Dumetia hyperythra,Timaliidae,1.0,1830
Dysithamnus xanthopterus,Thamnophilidae,1.0,1850
Edolisoma montanum,Campephagidae,1.5,1870
Egretta ardesiaca,Ardeidae,2.5,1820
Egretta sacra,Ardeidae,2.5,1780
Elaenia gigas,Tyrannidae,1.0,1870
Elaenia spectabilis,Tyrannidae,1.0,1860
Emberiza chrysophrys,Emberizidae,1.0,1770
Emberiza godlewskii,Emberizidae,1.0,1870
Emberiza poliopleura,Emberizidae,1.0,1880
Emberiza sahari,Emberizidae,1.0,1850
Emberizoides ypiranganus,Thraupidae,1.0,1900
Empidonax alnorum,Tyrannidae,1.0,1890
Entomodestes coracinus,Turdidae,1.5,1890
Eos bornea,Psittacidae,2.0,1750
Ephippiospingus erythronotus,Thraupidae,1.0,1860
Epimachus meyeri,Paradisaeidae,2.0,1880
Epinecrophylla haematonota,Thamnophilidae,0.5,1850
Epthianura aurifrons,Meliphagidae,1.0,1830
Eremalauda dunni,Alaudidae,1.0,1900
Eremomela atricollis,Cisticolidae,1.0,1890
Eremomela scotops,Cisticolidae,0.5,1850
Eremophila bilopha,Alaudidae,1.5,1820
Eremopterix australis,Alaudidae,1.0,1830
Eremopterix nigriceps,Alaudidae,1.0,1830
Eremopterix verticalis,Alaudidae,1.0,1830
Erythrogenys mcclellandi,Timaliidae,1.5,1870
Erythrogenys swinhoei,Timaliidae,1.5,1870
Erythrogonys cinctus,Charadriidae,1.5,1830
Erythropitta arquata,Pittidae,1.5,1870
Erythropitta macklotii,Pittidae,1.5,1830
Erythropitta venusta,Pittidae,1.5,1830
Eubucco tucinkae,Capitonidae,1.5,1910
Eucometis penicillata,Thraupidae,1.0,1820
Eudyptula minor,Spheniscidae,3.0,1780
Eumyias panayensis,Muscicapidae,1.0,1870
Eumyias thalassinus,Muscicapidae,1.0,1830
Eupetomena macroura,Trochilidae,0.5,1780
Euphonia finschi,Fringillidae,1.0,1870
Euplectes afer,Ploceidae,1.0,1780
Eupsittula pertinax,Psittacidae,1.5,1750
Eurillas latirostris,Pycnonotidae,1.0,1840
Falco ardosiaceus,Falconidae,2.0,1820
Falco berigora,Falconidae,2.5,1820
Falco subniger,Falconidae,2.5,1840
Ficedula buruensis,Muscicapidae,1.0,1890
Ficedula crypta,Muscicapidae,1.0,1950
Ficedula semitorquata,Muscicapidae,1.0,1880
Ficedula westermanni,Muscicapidae,0.5,1880
Foudia omissa,Ploceidae,1.0,1910
Foulehaio procerior,Meliphagidae,1.5,1860
Fraseria griseigularis,Muscicapidae,1.0,1900
Fregata magnificens,Fregatidae,3.0,1910
Fulica ardesiaca,Rallidae,2.5,1840
Fulica cristata,Rallidae,2.5,1780
Fulmarus glacialoides,Procellariidae,2.5,1840
Fulvetta vinipectus,Sylviidae,1.0,1830
Furnarius cristatus,Furnariidae,1.0,1880
Galbula ruficauda,Galbulidae,1.0,1810
Galerida deva,Alaudidae,1.0,1830
Galerida magnirostris,Alaudidae,1.5,1820
Gallinago delicata,Scolopacidae,2.0,1820
Gallinago gallinago,Scolopacidae,2.0,1750
Gallinago jamesoni,Scolopacidae,2.0,1850
Gallinago megala,Scolopacidae,2.0,1860
Gallinago solitaria,Scolopacidae,2.0,1830
Gallinago stenura,Scolopacidae,2.0,1830
Gallinago undulata,Scolopacidae,2.0,1780
Gallus gallus,Phasianidae,2.5,1750
Gallus lafayettii,Phasianidae,2.5,1830
Gallus sonneratii,Phasianidae,2.5,1810
Gampsorhynchus rufulus,Pellorneidae,1.5,1840
Gampsorhynchus torquatus,Pellorneidae,1.5,1870
Garrulax merulinus,Leiotrichidae,1.5,1850
Gavicalis versicolor,Meliphagidae,1.5,1840
Geoffroyus simplex,Psittacidae,2.0,1870
Geokichla camaronensis,Turdidae,1.5,1900
Geopelia humeralis,Columbidae,2.0,1820
Geothlypis poliocephala,Parulidae,1.0,1860
Geothlypis trichas,Parulidae,0.5,1760
Geranoaetus melanoleucus,Accipitridae,3.0,1810
Geranoaetus polyosoma,Accipitridae,2.5,1820
Gerygone albofrontata,Acanthizidae,1.0,1840
Gerygone ruficollis,Acanthizidae,0.5,1870
Gerygone tenebrosa,Acanthizidae,0.5,1900
Glareola cinerea,Glareolidae,1.5,1840
Glaucidium bolivianum,Strigidae,1.5,1990
Glaucidium costaricanum,Strigidae,1.5,1930
Glaucidium nana,Strigidae,1.5,1820
Glaucidium sjostedti,Strigidae,2.0,1890
Grallaria nuchalis,Grallariidae,2.0,1860
Grallaricula ferrugineipectus,Grallariidae,1.0,1850
Grallaricula lineifrons,Grallariidae,1.0,1920
Grallina bruijnii,Monarchidae,1.5,1870
Graydidascalus brachyurus,Psittacidae,2.0,1820
Grus grus,Gruidae,3.5,1750
Gymnophaps mada,Columbidae,2.5,1890
Gyps fulvus,Accipitridae,3.5,1780
Haemorhous cassinii,Fringillidae,1.0,1850
Halcyon albiventris,Alcedinidae,1.5,1780
Halcyon badia,Alcedinidae,1.5,1850
Halcyon gularis,Alcedinidae,1.5,1820
Haliaeetus albicilla,Accipitridae,3.5,1750
Haliaeetus leucocephalus,Accipitridae,3.5,1760
Haliaeetus vocifer,Accipitridae,3.5,1800
Haliastur indus,Accipitridae,2.5,1780
Halobaena caerulea,Procellariidae,2.0,1780
Hamirostra melanosternon,Accipitridae,3.0,1840
Haplophaedia assimilis,Trochilidae,0.5,1870
Harpagus diodon,Accipitridae,2.0,1820
Heleia squamifrons,Zosteropidae,0.5,1890
Heleia wallacei,Zosteropidae,1.0,1900
Heliangelus micraster,Trochilidae,0.5,1870
Heliangelus viola,Trochilidae,0.5,1850
Helicolestes hamatus,Accipitridae,2.5,1820
Heliodoxa imperatrix,Trochilidae,0.5,1850
Heliodoxa xanthogonys,Trochilidae,0.5,1880
Heliothryx barroti,Trochilidae,0.5,1840
Hemipus hirundinaceus,Vangidae,1.0,1820
Hemixos flavala,Pycnonotidae,1.5,1840
Henicopernis longicauda,Accipitridae,2.5,1820
Henicorhina leucoptera,Troglodytidae,1.0,1970
Herpsilochmus motacilloides,Thamnophilidae,1.0,1870
Herpsilochmus praedictus,Thamnophilidae,1.0,2010
Heteronetta atricapilla,Anatidae,2.5,1840
Heterophasia auricularis,Leiotrichidae,1.5,1860
Hieraaetus ayresii,Accipitridae,2.5,1860
Hieraaetus morphnoides,Accipitridae,2.5,1840
Hieraaetus pennatus,Accipitridae,2.5,1780
Hieraaetus wahlbergi,Accipitridae,2.5,1850
Hieraaetus weiskei,Accipitridae,2.5,1900
Himalayapsitta himalayana,Psittacidae,2.0,1830
Hippolais icterina,Acrocephalidae,1.0,1810
Hippolais polyglotta,Acrocephalidae,1.0,1810
Histrionicus histrionicus,Anatidae,2.5,1750
Hydrobates melania,Hydrobatidae,1.5,1850
Hydrobates tristrami,Hydrobatidae,1.5,1890
Hydroprogne caspia,Laridae,2.5,1770
Hydrornis phayrei,Pittidae,2.0,1860
Hydrornis schwaneri,Pittidae,1.5,1850
Hypothymis azurea,Monarchidae,1.0,1780
Hypothymis puella,Monarchidae,1.0,1860
Hypsipetes ganeesa,Pycnonotidae,1.5,1830
Hypsipetes leucocephalus,Pycnonotidae,1.5,1780
Icteria virens,Icteridae,1.0,1750
Icterus auratus,Icteridae,1.5,1850
Icterus pustulatus,Icteridae,1.5,1820
Ictinaetus malaiensis,Accipitridae,3.0,1820
Idiopsar brachyurus,Thraupidae,1.5,1860
Iduna similis,Acrocephalidae,1.0,1890
Incaspiza laeta,Thraupidae,1.0,1890
Indicator variegatus,Indicatoridae,1.5,1830
Inezia caudata,Tyrannidae,0.5,1890
Kaupifalco monogrammicus,Accipitridae,2.0,1820
Lagopus muta,Phasianidae,2.5,1780
Lamprotornis albicapillus,Sturnidae,1.5,1850
Lamprotornis iris,Sturnidae,1.5,1870
Laniarius atroflavus,Malaconotidae,1.5,1880
Laniarius nigerrimus,Malaconotidae,1.5,1870
Lanius excubitor,Laniidae,1.5,1750
Larus armenicus,Laridae,2.5,1930
Larus californicus,Laridae,2.5,1850
Larus fuscus,Laridae,2.5,1750
Larus leucophthalmus,Laridae,2.5,1820
Leiopicus mahrattensis,Picidae,1.5,1800
Leiothlypis crissalis,Parulidae,0.5,1880
Leiothlypis luciae,Parulidae,0.5,1860
Leiothlypis ruficapilla,Parulidae,0.5,1810
Leistes bellicosus,Icteridae,1.5,1840
Leistes militaris,Icteridae,1.5,1750
Lepidocolaptes fatimalimae,Furnariidae,1.0,2010
Lepidothrix isidorei,Pipridae,0.5,1850
Leptosittaca branickii,Psittacidae,2.0,1890
Leptotila cassinii,Columbidae,2.0,1860
Leptotila pallida,Columbidae,2.0,1880
Leucocarbo verrucosus,Phalacrocoracidae,3.0,1870
Leucopternis kuhli,Accipitridae,2.5,1850
Linaria yemenensis,Fringillidae,1.0,1910
Liocichla ripponi,Leiotrichidae,1.5,1900
Liocichla steerii,Leiotrichidae,1.0,1870
Lipaugus vociferans,Cotingidae,1.5,1820
Lissotis melanogaster,Otididae,3.0,1830
Locustella tacsanowskia,Locustellidae,1.0,1870
Lonchura spectabilis,Estrildidae,1.0,1870
Lophaetus occipitalis,Accipitridae,3.0,1800
Lophodytes cucullatus,Anatidae,2.5,1750
Lophoictinia isura,Accipitridae,2.5,1830
Lophonetta specularioides,Anatidae,3.0,1820
Lophophanes dichrous,Paridae,1.0,1840
Lophornis adorabilis,Trochilidae,0.0,1870
Lophotriccus vitiosus,Tyrannidae,0.5,1920
Loriculus exilis,Psittacidae,1.5,1860
Loriculus sclateri,Psittacidae,1.5,1860
Lorius chlorocercus,Psittacidae,2.0,1850
Lorius hypoinochrous,Psittacidae,2.0,1850
Lorius lory,Psittacidae,2.0,1750
Loxigilla barbadensis,Thraupidae,1.0,1880
Lurocalis rufiventris,Caprimulgidae,2.0,1880
Lymnocryptes minimus,Scolopacidae,1.5,1760
Macheiramphus alcinus,Accipitridae,2.5,1850
Mackenziaena severa,Thamnophilidae,1.5,1820
Macronus striaticeps,Timaliidae,1.0,1870
Macronyx ameliae,Motacillidae,1.5,1840
Macropygia macassariensis,Columbidae,2.0,1860
Macropygia mackinlayi,Columbidae,1.5,1870
Macropygia nigrirostris,Columbidae,1.5,1870
Macropygia ruficeps,Columbidae,1.5,1830
Malacocincla abbotti,Pellorneidae,1.0,1840
Malurus assimilis,Maluridae,0.5,1900
Manucodia ater,Paradisaeidae,2.0,1830
Mareca americana,Anatidae,2.5,1780
Mareca falcata,Anatidae,2.5,1770
Mareca penelope,Anatidae,2.5,1750
Mareca strepera,Anatidae,2.5,1750
Margarobyas lawrencii,Strigidae,1.5,1860
Margaroperdix madagarensis,Phasianidae,2.0,1780
Megapodius eremita,Megapodiidae,2.5,1860
Megapodius layardi,Megapodiidae,2.5,1870
Megatriorchis doriae,Accipitridae,2.5,1870
Melaenornis ardesiacus,Muscicapidae,1.0,1930
Melanerpes chrysogenys,Picidae,1.5,1830
Melanerpes pulcher,Picidae,1.5,1870
Melanitta nigra,Anatidae,3.0,1750
Melanitta perspicillata,Anatidae,3.0,1750
Melanodera melanodera,Thraupidae,1.0,1820
Melidora macrorrhina,Alcedinidae,1.5,1820
Melierax metabates,Accipitridae,2.5,1860
Melierax poliopterus,Accipitridae,2.5,1860
Mentocrex kioloides,Rallidae,2.0,1840
Merganetta armata,Anatidae,2.5,1840
Mergellus albellus,Anatidae,2.5,1750
Mergus merganser,Anatidae,3.0,1750
Mergus serrator,Anatidae,3.0,1750
Merops revoilii,Meropidae,1.0,1880
Mesembrinibis cayennensis,Threskiornithidae,2.5,1780
Metallura eupogon,Trochilidae,0.5,1870
Microptilotis fordianus,Meliphagidae,1.0,1980
Microspingus melanoleucus,Thraupidae,1.0,1830
Microstilbon burmeisteri,Trochilidae,0.0,1880
Microxenops milleri,Furnariidae,1.0,1910
Milvus milvus,Accipitridae,3.0,1750
Mimus triurus,Mimidae,1.5,1810
Mino kreffti,Sturnidae,2.0,1860
Mirafra albicauda,Alaudidae,1.0,1890
Mirafra collaris,Alaudidae,1.0,1890
Mirafra fasciolata,Alaudidae,1.0,1850
Mirafra passerina,Alaudidae,1.0,1920
Mitu salvini,Cracidae,3.0,1870
Mixornis bornensis,Timaliidae,1.0,1850
Mixornis kelleyi,Timaliidae,1.0,1930
Mohoua novaeseelandiae,Mohouidae,1.0,1780
Molothrus ater,Icteridae,1.5,1780
Monarcha frater,Monarchidae,1.0,1870
Morphnarchus princeps,Accipitridae,2.5,1860
Muscicapa cassini,Muscicapidae,1.0,1860
Muscicapa ferruginea,Muscicapidae,1.0,1840
Muscicapa sethsmithi,Muscicapidae,0.5,1920
Muscisaxicola maclovianus,Tyrannidae,1.0,1820
Myiagra caledonica,Monarchidae,1.0,1850
Myiagra pluto,Monarchidae,1.0,1870
Myiarchus cinerascens,Tyrannidae,1.0,1850
Myioborus flavivertex,Parulidae,1.0,1880
Myiornis auricularis,Tyrannidae,0.5,1810
Myrmecocichla formicivora,Muscicapidae,1.5,1810
Myrmelastes brunneiceps,Thamnophilidae,1.0,1930
Myrmorchilus strigilatus,Thamnophilidae,1.0,1830
Myrmotherula assimilis,Thamnophilidae,0.5,1860
Myrmotherula cherriei,Thamnophilidae,0.5,1900
Myrmotherula ignota,Thamnophilidae,0.5,1920
Myrtis fanny,Trochilidae,0.0,1830
Neochen jubata,Anatidae,3.0,1820
Neolestes torquatus,Pycnonotidae,1.0,1870
Neophema elegans,Psittacidae,1.5,1830
Neopsittacus pullicauda,Psittacidae,1.5,1890
Nesillas lantzii,Acrocephalidae,1.0,1860
Netta erythrophthalma,Anatidae,2.5,1830
Netta peposaca,Anatidae,2.5,1810
Nettapus coromandelianus,Anatidae,2.5,1780
Newtonia brunneicauda,Vangidae,1.0,1860
Niltava davidi,Muscicapidae,1.0,1900
Ninox forbesi,Strigidae,2.0,1880
Ninox japonica,Strigidae,2.0,1840
Ninox squamipila,Strigidae,2.0,1850
Nisaetus alboniger,Accipitridae,2.5,1840
Nisaetus lanceolatus,Accipitridae,3.0,1840
Nomonyx dominicus,Anatidae,2.5,1760
Nothocercus bonapartei,Tinamidae,2.5,1860
Nothoprocta curvirostris,Tinamidae,2.5,1870
Nothura boraquira,Tinamidae,2.0,1820
Numenius minutus,Scolopacidae,2.0,1840
Numenius phaeopus,Scolopacidae,2.5,1750
Ochthoeca leucophrys,Tyrannidae,1.0,1830
Odontophorus atrifrons,Odontophoridae,2.0,1900
Odontophorus hyperythrus,Odontophoridae,2.5,1850
Odontophorus melanonotus,Odontophoridae,2.5,1860
Odontophorus speciosus,Odontophoridae,2.5,1840
Onychognathus frater,Sturnidae,2.0,1880
Onychognathus fulgidus,Sturnidae,2.0,1840
Onychognathus salvadorii,Sturnidae,2.0,1890
Onychognathus walleri,Sturnidae,1.5,1880
Onychoprion anaethetus,Laridae,2.0,1780
Oreornis chrysogenys,Meliphagidae,1.5,1910
Oreotrochilus melanogaster,Trochilidae,0.5,1840
Oreotrochilus stolzmanni,Trochilidae,0.5,1890
Oriolus chlorocephalus,Oriolidae,1.5,1890
Orthotomus nigriceps,Cisticolidae,0.5,1870
Otocichla mupinensis,Turdidae,1.5,1920
Otus brookii,Strigidae,2.0,1890
Otus brucei,Strigidae,1.5,1870
Otus megalotis,Strigidae,2.0,1870
Otus mirus,Strigidae,1.5,1960
Otus socotranus,Strigidae,1.5,1890
Oxyura australis,Anatidae,2.5,1830
Oxyura ferruginea,Anatidae,2.5,1830
Oxyura jamaicensis,Anatidae,2.5,1780
Oxyura vittata,Anatidae,2.5,1860
Pachycephala lanioides,Pachycephalidae,1.5,1840
Pachycephala lorentzi,Pachycephalidae,1.0,1930
Pachycephalopsis hattamensis,Petroicidae,1.5,1870
Pachyptila belcheri,Procellariidae,2.0,1910
Pachyptila crassirostris,Procellariidae,2.0,1910
Pachyptila turtur,Procellariidae,2.0,1820
Pachyramphus aglaiae,Tityridae,1.0,1830
Pachyramphus cinnamomeus,Tityridae,1.0,1860
Pachysylvia hypoxantha,Vireonidae,1.0,1860
Panterpe insignis,Trochilidae,0.5,1860
Parabuteo leucorrhous,Accipitridae,2.0,1820
Parabuteo unicinctus,Accipitridae,2.5,1820
Paradisaea minor,Paradisaeidae,2.0,1800
Pardalotus rubricatus,Pardalotidae,1.0,1830
Pardirallus nigricans,Rallidae,2.0,1810
Parotia lawesii,Paradisaeidae,2.0,1880
Passer griseus,Passeridae,1.0,1810
Passerculus henslowii,Passerellidae,1.0,1820
Patagioenas goodsoni,Columbidae,2.0,1900
Patagioenas speciosa,Columbidae,2.0,1780
Pelecanus erythrorhynchos,Pelecanidae,3.5,1780
Pellorneum albiventre,Pellorneidae,1.0,1870
Pellorneum fuscocapillus,Pellorneidae,1.0,1840
Pellorneum ruficeps,Pellorneidae,1.0,1830
Peltohyas australis,Charadriidae,1.5,1840
Penelope jacquacu,Cracidae,3.0,1820
Penelope montagnii,Cracidae,2.5,1850
Penelopides manillae,Bucerotidae,2.5,1780
Peneothello cyanus,Petroicidae,1.0,1870
Pericrocotus erythropygius,Campephagidae,1.0,1840
Pernis celebensis,Accipitridae,2.5,1860
Pernis ptilorhynchus,Accipitridae,3.0,1820
Pernis steerei,Accipitridae,2.5,1910
Petroica australis,Petroicidae,1.0,1780
Petroica boodang,Petroicidae,1.0,1830
Petrophassa rufipennis,Columbidae,2.0,1890
Pezoporus wallicus,Psittacidae,1.5,1790
Phaenicophaeus viridirostris,Cuculidae,1.5,1840
Phaethornis atrimentalis,Trochilidae,0.0,1850
Phaethornis eurynome,Trochilidae,0.5,1830
Phaethornis koepckeae,Trochilidae,0.5,1970
Phaethornis mexicanus,Trochilidae,0.5,1890
Phaethornis subochraceus,Trochilidae,0.5,1910
Phalacrocorax capillatus,Phalacrocoracidae,3.0,1840
Phalacrocorax varius,Phalacrocoracidae,3.0,1780
Phalaropus lobatus,Scolopacidae,1.5,1750
Phalcoboenus megalopterus,Falconidae,2.5,1830
Pharomachrus fulgidus,Trogonidae,2.0,1830
Pheugopedius felix,Troglodytidae,1.0,1860
Pheugopedius spadix,Troglodytidae,1.0,1910
Phigys solitarius,Psittacidae,1.5,1800
Phodilus assimilis,Tytonidae,2.0,1870
Phoenicircus nigricollis,Cotingidae,1.5,1830
Phrygilus patagonicus,Thraupidae,1.0,1920
Phyllastrephus baumanni,Pycnonotidae,1.0,1890
Phylloscartes difficilis,Tyrannidae,0.5,1900
Phylloscartes parkeri,Tyrannidae,0.5,1990
Phylloscopus intermedius,Phylloscopidae,0.5,1890
Phylloscopus soror,Phylloscopidae,0.5,1990
Pica hudsonia,Corvidae,2.0,1820
Piculus aurulentus,Picidae,1.5,1820
Picus erythropygius,Picidae,2.0,1860
Picus sharpei,Picidae,2.0,1870
Pinarocorys erythropygia,Alaudidae,1.0,1850
Pinarornis plumosus,Muscicapidae,1.5,1870
Pionites melanocephalus,Psittacidae,2.0,1750
Pipilo ocai,Passerellidae,1.5,1860
Pipreola intermedia,Cotingidae,1.5,1880
Pipreola lubomirskii,Cotingidae,1.5,1870
Pipreola whitelyi,Cotingidae,1.5,1880
Pitohui dichrous,Oriolidae,1.5,1850
Pitta reichenowi,Pittidae,1.5,1900
Platalea ajaja,Threskiornithidae,3.0,1750
Platalea regia,Threskiornithidae,3.0,1830
Platycercus elegans,Psittacidae,2.0,1780
Platycercus venustus,Psittacidae,1.5,1820
Ploceus angolensis,Ploceidae,1.0,1870
Ploceus dichrocephalus,Ploceidae,1.0,1890
Ploceus sakalava,Ploceidae,1.0,1860
Ploceus xanthops,Ploceidae,1.5,1860
Pluvialis dominica,Charadriidae,2.0,1770
Podilymbus podiceps,Podicipedidae,2.5,1750
Podoces hendersoni,Corvidae,2.0,1870
Poecile sclateri,Paridae,1.0,1890
Poecile superciliosus,Paridae,1.0,1870
Poecilotriccus albifacies,Tyrannidae,0.5,1950
Poicephalus flavifrons,Psittacidae,2.0,1840
Poicephalus fuscicollis,Psittacidae,2.5,1820
Poicephalus rueppellii,Psittacidae,2.0,1840
Polyboroides radiatus,Accipitridae,2.5,1780
Polyboroides typus,Accipitridae,2.5,1820
Pomatorhinus ruficollis,Timaliidae,1.0,1830
Poodytes carteri,Locustellidae,1.0,1900
Poospiza baeri,Thraupidae,1.5,1900
Porzana fasciata,Rallidae,1.5,1860
Porzana fluminea,Rallidae,1.5,1840
Prioniturus mada,Psittacidae,2.0,1900
Prionops retzii,Vangidae,1.5,1850
Procnias albus,Cotingidae,2.0,1780
Psarocolius wagleri,Icteridae,2.0,1840
Psephotellus dissimilis,Psittacidae,1.5,1890
Psephotellus varius,Psittacidae,1.5,1910
Pseudasthenes cactorum,Furnariidae,1.0,1950
Pseudorectes ferrugineus,Pachycephalidae,1.5,1850
Pseudospingus xanthophthalmus,Thraupidae,1.0,1870
Psilopogon armillaris,Megalaimidae,1.5,1820
Psilopogon pyrolophus,Megalaimidae,2.0,1830
Psittacara finschi,Psittacidae,2.0,1870
Psittacella madaraszi,Psittacidae,1.5,1880
Psittaculirostris salvadorii,Psittacidae,2.0,1880
Psitteuteles versicolor,Psittacidae,1.5,1830
Pternistis clappertoni,Phasianidae,2.5,1820
Pternistis griseostriatus,Phasianidae,2.0,1890
Pternistis hildebrandti,Phasianidae,2.5,1870
Pternistis icterorhynchus,Phasianidae,2.5,1860
Pternistis nobilis,Phasianidae,2.5,1900
Pternistis rufopictus,Phasianidae,2.5,1880
Pterodroma gouldi,Procellariidae,2.5,1860
Pterodroma heraldica,Procellariidae,2.5,1880
Pterodroma lessonii,Procellariidae,2.5,1820
Pterodroma mollis,Procellariidae,2.0,1840
Pterodroma neglecta,Procellariidae,2.5,1860
Pterodroma nigripennis,Procellariidae,2.0,1890
Pteroglossus azara,Ramphastidae,2.0,1810
Pteronetta hartlaubii,Anatidae,2.5,1860
Ptilinopus alligator,Columbidae,2.0,1890
Ptilinopus aurantiifrons,Columbidae,2.0,1850
Ptilinopus cinctus,Columbidae,2.0,1800
Ptilinopus eugeniae,Columbidae,2.0,1850
Ptilinopus pelewensis,Columbidae,1.5,1860
Ptilinopus ponapensis,Columbidae,2.0,1870
Ptilinopus viridis,Columbidae,2.0,1760
Ptilocichla mindanensis,Pellorneidae,1.0,1890
Pucrasia macrolopha,Phasianidae,3.0,1820
Puffinus bailloni,Procellariidae,2.0,1850
Puffinus elegans,Procellariidae,2.0,1860
Puffinus gavia,Procellariidae,2.0,1840
Puffinus nativitatis,Procellariidae,2.5,1870
Pycnonotus leucotis,Pycnonotidae,1.0,1830
Pycnonotus xanthopygos,Pycnonotidae,1.5,1830
Pygoscelis adeliae,Spheniscidae,3.5,1840
Pyrilia haematotis,Psittacidae,2.0,1860
Pyrilia pulchra,Psittacidae,2.0,1890
Pyrrholaemus brunneus,Acanthizidae,1.0,1840
Pyrrhula leucogenis,Fringillidae,1.0,1890
Pyrrhura devillei,Psittacidae,1.5,1850
Pyrrhura lucianii,Psittacidae,1.5,1850
Pyrrhura molinae,Psittacidae,1.5,1850
Pyrrhura perlata,Psittacidae,1.5,1820
Pyrrhura rupicola,Psittacidae,1.5,1840
Pyrroglaux podargina,Strigidae,2.0,1870
Quiscalus nicaraguensis,Icteridae,1.5,1890
Rallicula leucospila,Rallidae,2.0,1870
Rallicula rubra,Rallidae,1.5,1870
Ramphiculus epius,Columbidae,2.0,1910
Reinwardtoena reinwardti,Columbidae,2.0,1820
Rhipidura fuscorufa,Rhipiduridae,1.0,1880
Rhipidura samarensis,Rhipiduridae,1.0,1890
Rhodospiza obsoleta,Fringillidae,1.0,1820
Rhodostethia rosea,Laridae,2.0,1820
Rhopophilus pekinensis,Sylviidae,1.0,1860
Rhynchocyclus pacificus,Tyrannidae,1.0,1910
Rhyticeros plicatus,Bucerotidae,3.0,1780
Rubigula gularis,Pycnonotidae,1.0,1830
Saltator coerulescens,Thraupidae,1.5,1810
Salvadorina waigiuensis,Anatidae,2.5,1890
Sarkidiornis melanotos,Anatidae,3.0,1760
Sarothrura boehmi,Rallidae,1.5,1900
Sarothrura pulchra,Rallidae,1.5,1820
Schoeniparus brunneus,Pellorneidae,1.0,1860
Scleroptila streptophora,Phasianidae,2.5,1890
Scolopax rusticola,Scolopacidae,2.0,1750
Scotopelia bouvieri,Strigidae,2.5,1870
Scytalopus argentifrons,Rhinocryptidae,1.0,1890
Scytalopus pachecoi,Rhinocryptidae,1.0,2000
Scytalopus petrophilus,Rhinocryptidae,1.0,2010
Scytalopus schulenbergi,Rhinocryptidae,1.0,1990
Scytalopus simonsi,Rhinocryptidae,1.0,1910
Selenidera spectabilis,Ramphastidae,2.0,1850
Serpophaga griseicapilla,Tyrannidae,0.5,2000
Setopagis heterura,Caprimulgidae,1.5,1910
Setophaga plumbea,Parulidae,1.0,1870
Sheppardia aequatorialis,Muscicapidae,1.0,1900
Sheppardia polioptera,Muscicapidae,1.0,1890
Sibirionetta formosa,Anatidae,2.5,1770
Sicalis lebruni,Thraupidae,1.0,1890
Sicalis olivascens,Thraupidae,1.0,1830
Sicalis raimondii,Thraupidae,1.0,1870
Sicalis taczanowskii,Thraupidae,0.5,1880
Sirystes albocinereus,Tyrannidae,1.5,1880
Sitta cinnamoventris,Sittidae,1.0,1840
Sitta tephronota,Sittidae,1.5,1870
Sittiparus castaneoventris,Paridae,1.0,1860
Somateria spectabilis,Anatidae,3.0,1750
Spatula clypeata,Anatidae,2.5,1750
Spatula cyanoptera,Anatidae,2.5,1810
Spatula discors,Anatidae,2.5,1760
Spatula platalea,Anatidae,2.5,1810
Spatula puna,Anatidae,2.5,1840
Spatula querquedula,Anatidae,2.5,1750
Spatula smithii,Anatidae,2.5,1890
Spatula versicolor,Anatidae,2.5,1810
Spelaeornis caudatus,Timaliidae,1.0,1840
Spilornis holospilus,Accipitridae,2.5,1830
Spilornis rufipectus,Accipitridae,2.5,1850
Spinus barbatus,Fringillidae,1.0,1780
Spinus psaltria,Fringillidae,0.5,1820
Spinus siemiradzkii,Fringillidae,1.0,1880
Spizaetus tyrannus,Accipitridae,3.0,1820
Spizocorys conirostris,Alaudidae,1.0,1850
Spizocorys fremantlii,Alaudidae,1.0,1890
Spizocorys personata,Alaudidae,1.0,1890
Spizocorys starki,Alaudidae,1.0,1900
Sporophila ardesiaca,Thraupidae,1.0,1890
Sporophila funerea,Thraupidae,1.0,1860
Sporophila morelleti,Thraupidae,0.5,1850
Sporophila murallae,Thraupidae,1.0,1910
Sporophila plumbea,Thraupidae,0.5,1830
Sporophila simplex,Thraupidae,1.0,1870
Stachyris thoracica,Timaliidae,1.0,1820
Stactolaema whytii,Lybiidae,1.5,1890
Sterna forsteri,Laridae,2.0,1830
Sterna hirundinacea,Laridae,2.0,1830
Stictonetta naevosa,Anatidae,2.5,1840
Streptopelia vinacea,Columbidae,2.0,1780
Streptoprocne biscutata,Apodidae,1.5,1860
Stresemannia bougainvillei,Meliphagidae,1.0,1930
Strix fulvescens,Strigidae,2.5,1860
Strix hadorami,Strigidae,2.0,2010
Syma megarhyncha,Alcedinidae,1.5,1890
Syma torotoro,Alcedinidae,1.5,1820
Symposiachrus axillaris,Monarchidae,1.0,1870
Symposiachrus mundus,Monarchidae,1.0,1880
Synallaxis albescens,Furnariidae,1.0,1820
Synallaxis cabanisi,Furnariidae,1.0,1890
Synallaxis scutata,Furnariidae,1.0,1850
Synthliboramphus antiquus,Alcidae,2.0,1780
Tadorna ferruginea,Anatidae,3.0,1760
Tadorna tadorna,Anatidae,3.0,1750
Tadorna tadornoides,Anatidae,3.0,1820
Taeniotriccus andrei,Tyrannidae,0.5,1900
Tangara phillipsi,Thraupidae,1.0,1980
Tangara vitriolina,Thraupidae,1.0,1850
Tanygnathus megalorynchos,Psittacidae,2.5,1780
Tanysiptera danae,Alcedinidae,1.5,1880
Tanysiptera galatea,Alcedinidae,1.5,1850
Tanysiptera nigriceps,Alcedinidae,1.5,1870
Tanysiptera sylvia,Alcedinidae,1.5,1850
Tarphonomus certhioides,Furnariidae,1.0,1830
Tarsiger rufilatus,Muscicapidae,1.0,1840
Tauraco schalowi,Musophagidae,2.0,1890
Tauraco schuettii,Musophagidae,2.0,1870
Telacanthura ussheri,Apodidae,1.5,1870
Tephrodornis sylvicola,Vangidae,1.5,1830
Terpsiphone atrochalybeia,Monarchidae,1.0,1840
Terpsiphone batesi,Monarchidae,1.0,1920
Terpsiphone cyanescens,Monarchidae,1.0,1870
Tetrao urogalloides,Phasianidae,3.0,1850
Thalassornis leuconotus,Anatidae,2.5,1830
Thamnomanes saturninus,Thamnophilidae,1.0,1860
Thamnophilus amazonicus,Thamnophilidae,1.0,1850
Thamnophilus divisorius,Thamnophilidae,1.0,2000
Thamnophilus insignis,Thamnophilidae,1.0,1880
Thamnophilus murinus,Thamnophilidae,1.0,1860
Thamnophilus schistaceus,Thamnophilidae,1.0,1830
Thamnophilus zarumae,Thamnophilidae,1.0,1920
Theristicus melanopis,Threskiornithidae,3.0,1780
Thlypopsis pyrrhocoma,Thraupidae,1.0,2010
Thripophaga gutturata,Furnariidae,1.0,1830
Tmetothylacus tenellus,Motacillidae,1.0,1870
Todiramphus diops,Alcedinidae,1.5,1820
Todiramphus leucopygius,Alcedinidae,1.5,1850
Todiramphus sanctus,Alcedinidae,1.5,1820
Todiramphus saurophagus,Alcedinidae,2.0,1840
Toxostoma longirostre,Mimidae,1.5,1830
Treron axillaris,Columbidae,2.0,1850
Trichoglossus capistratus,Psittacidae,2.0,1810
Trichoglossus chlorolepidotus,Psittacidae,1.5,1820
Trichoglossus moluccanus,Psittacidae,2.0,1780
Trichoglossus ornatus,Psittacidae,2.0,1750
Tringa semipalmata,Scolopacidae,2.0,1780
Tringa totanus,Scolopacidae,2.0,1750
Trochalopteron lineatum,Leiotrichidae,1.5,1830
Trochalopteron melanostigma,Leiotrichidae,1.5,1850
Trochalopteron peninsulae,Leiotrichidae,1.5,1880
Troglodytes pacificus,Troglodytidae,0.5,1860
Trogon melanocephalus,Trogonidae,1.5,1830
Trogon mexicanus,Trogonidae,1.5,1820
Trugon terrestris,Columbidae,2.5,1840
Turdus arthuri,Turdidae,1.5,1910
Turdus eunomus,Turdidae,1.5,1830
Turdus falcklandii,Turdidae,1.5,1820
Turdus fulviventris,Turdidae,1.5,1850
Turdus kessleri,Turdidae,1.5,1870
Turdus ludoviciae,Turdidae,1.5,1890
Turdus niveiceps,Turdidae,1.5,1910
Turdus pallidus,Turdidae,1.5,1780
Turdus rufiventris,Turdidae,1.5,1810
Turdus serranus,Turdidae,1.5,1840
Turdus subalaris,Turdidae,1.5,1880
Tychaedon quadrivirgata,Muscicapidae,1.0,1870
Tyrannopsis sulphurea,Tyrannidae,1.5,1820
Upucerthia albigula,Furnariidae,1.5,1930
Uria lomvia,Alcidae,2.5,1750
Urile penicillatus,Phalacrocoracidae,3.0,1830
Uropsalis lyra,Caprimulgidae,1.5,1850
Urotriorchis macrourus,Accipitridae,2.5,1850
Vanellus armatus,Charadriidae,2.0,1820
Vanellus spinosus,Charadriidae,2.0,1750
Vanellus tricolor,Charadriidae,2.0,1810
Vanga curvirostris,Vangidae,1.5,1760
Vireo sclateri,Vireonidae,1.0,1880
Xenocopsychus ansorgei,Muscicapidae,1.5,1900
Xenotriccus callizonus,Tyrannidae,1.0,1920
Xolmis rubetra,Tyrannidae,1.5,1860
Zapornia akool,Rallidae,2.0,1830
Zenaida meloda,Columbidae,2.0,1840
Zentrygon lawrencii,Columbidae,2.0,1870
Zoonavena thomensis,Apodidae,0.5,1900
Zoothera griseiceps,Turdidae,1.5,1930
Zosterops buruensis,Zosteropidae,1.0,1870
Zosterops eurycricotus,Zosteropidae,1.0,1880
Zosterops explorator,Zosteropidae,1.0,1870
Zosterops kirki,Zosteropidae,0.5,1880
Zosterops mayottensis,Zosteropidae,0.5,1860
Zosterops mbuluensis,Zosteropidae,1.0,1930
Zosterops novaeguineae,Zosteropidae,1.0,1870
Zosterops pallidus,Zosteropidae,1.0,1830
Zosterops palpebrosus,Zosteropidae,0.5,1820
Zosterops simplex,Zosteropidae,1.0,1860
Zosterops stalkeri,Zosteropidae,1.0,1910
Zosterops stresemanni,Zosteropidae,1.0,1930
Zosterops superciliosus,Zosteropidae,1.0,1900
Zosterops vaughani,Zosteropidae,1.0,1920
Zosterornis striatus,Zosteropidae,1.0,1890
