archive,neuron_name,neuron_id,species,cell_type,brain_region,doi,protocol,source,whole_brain,axon_dend_ratio,bp_apical,bp_axon,bp_basal,diam_max_um,diam_measured,diam_med_um,diam_min_um,dynamic_range,extent_x_um,extent_y_um,extent_z_um,file,frac_len_modal_diam,frac_len_subres,len_apical_um,len_axon_um,len_basal_um,len_dend_um,len_total_um,max_extent_um,max_radial_um,modal_diam_um,n_distinct_diam,points,soma_diam_um,soma_points,tip_apical,tip_axon,tip_basal
Ascoli,042602-LM-LoDe,5533,rat,interneuron,hippocampus|CA3|stratum lacunosum-moleculare,10.1002/cne.22082,in vitro,ascoli,False,23.796434,0,344,9,2.7,True,0.77,0.13,6016,782.12,575.68,297.56,complete__ascoli__042602-LM-LoDe.swc,0.290996,0.015014,0.0,30849.305,1296.3835,1296.3835,32145.6885,782.12,556.6429,0.77,22,45695,13.574,3,0,345,12
Ascoli,102-LM-HiDe,5528,rat,interneuron,hippocampus|CA3|stratum lacunosum-moleculare,10.1002/cne.22082,in vitro,ascoli,False,6.404199,0,253,32,2.39,True,0.5808,0.138,8484,1170.8,560.9,122.16,complete__ascoli__102-LM-HiDe.swc,0.558783,0.04011,0.0,21550.6763,3365.0855,3365.0855,24915.7618,1170.8,677.4336,0.5808,19,9335,11.064,3,0,254,38
Ascoli,103-SR-LoDe,5529,rat,interneuron,hippocampus|CA3|stratum radiatum,10.1002/cne.22082,in vitro,ascoli,False,9.49221,0,146,9,1.96,True,0.43,0.22,2633,579.3,549.0,170.3,complete__ascoli__103-SR-LoDe.swc,0.36011,0.2523,0.0,12003.8866,1264.604,1264.604,13268.4906,579.3,502.4276,0.43,11,8943,19.166,3,0,147,11
Ascoli,104-SR-HiDe,5530,rat,interneuron,hippocampus|CA3|stratum radiatum,10.1002/cne.22082,in vitro,ascoli,False,9.201522,0,227,18,2.17,True,0.22,0.22,3220,708.3,485.7,111.2,complete__ascoli__104-SR-HiDe.swc,0.6176,0.617908,0.0,15410.8078,1674.8108,1674.8108,17085.6186,708.3,485.2165,0.22,11,11233,13.8,3,0,228,22
Ascoli,118-LM-HiDe,5531,rat,interneuron,hippocampus|CA3|stratum lacunosum-moleculare,10.1002/cne.22082,in vitro,ascoli,False,2.826503,0,106,32,5.0,True,0.43,0.22,5550,1221.0,601.6,192.08,complete__ascoli__118-LM-HiDe.swc,0.439947,0.439947,0.0,13208.3649,4673.0414,4673.0414,17881.4063,1221.0,853.2019,0.22,22,10140,29.4,3,0,107,35
Ascoli,32-SR-HiDe,5522,rat,interneuron,hippocampus|CA3|stratum radiatum,10.1002/cne.22082,in vitro,ascoli,False,11.432534,0,310,39,1.74,True,0.65,0.22,4833,1063.3,672.69,332.0,complete__ascoli__32-SR-HiDe.swc,0.599572,0.024575,0.0,44197.4023,3865.9322,3865.9322,48063.3345,1063.3,837.9981,0.65,10,13090,15.79,2,0,311,40
Ascoli,34-SR-HiDe,5523,rat,interneuron,hippocampus|CA3|stratum radiatum,10.1002/cne.22082,in vitro,ascoli,False,6.921871,0,203,83,3.7,True,0.65,0.22,5693,1252.5,739.7,258.1,complete__ascoli__34-SR-HiDe.swc,0.708372,0.025324,0.0,29337.7111,4238.4076,4238.4076,33576.1187,1252.5,987.8998,0.65,18,10234,16.188,3,0,204,86
Ascoli,49-LM-LoDe,5524,rat,interneuron,hippocampus|CA3|stratum lacunosum-moleculare,10.1002/cne.22082,in vitro,ascoli,False,14.11872,0,356,10,1.74,True,0.43,0.22,3889,855.5,677.5,183.04,complete__ascoli__49-LM-LoDe.swc,0.489513,0.319144,0.0,36343.7484,2574.1532,2574.1532,38917.9016,855.5,484.9412,0.43,9,12172,13.9875,4,0,357,13
Ascoli,69-SR-LoDe,5525,rat,interneuron,hippocampus|CA3|stratum radiatum,10.1002/cne.22082,in vitro,ascoli,False,14.803027,0,223,10,2.18,True,0.43,0.1298,6062,778.4,786.8,255.18,complete__ascoli__69-SR-LoDe.swc,0.300435,0.206281,0.0,24959.5051,1686.1082,1686.1082,26645.6133,786.8,542.5469,0.43,24,12769,12.398,3,0,224,14
Ascoli,700-LM-LoDe,5532,rat,interneuron,hippocampus|CA3|stratum lacunosum-moleculare,10.1002/cne.22082,in vitro,ascoli,False,11.530401,0,149,10,1.59,True,0.58,0.14,3498,489.7,481.5,67.68,complete__ascoli__700-LM-LoDe.swc,0.463197,0.002011,0.0,15110.1634,1310.463,1310.463,16420.6265,489.7,332.4934,0.58,11,6190,13.158,3,0,150,14
Ascoli,85-LM-HiDe,5526,rat,interneuron,hippocampus|CA3|stratum lacunosum-moleculare,10.1002/cne.22082,in vitro,ascoli,False,4.037003,0,335,59,4.68,True,0.22,0.07,10300,721.0,699.8,298.41,complete__ascoli__85-LM-HiDe.swc,0.670103,0.670832,0.0,35966.5762,8909.2277,8909.2277,44875.8039,721.0,641.9303,0.22,25,14998,15.42,3,0,336,61
Ascoli,98-SR-HiDe,5527,rat,interneuron,hippocampus|CA3|stratum radiatum,10.1002/cne.22082,in vitro,ascoli,False,4.006923,0,126,21,3.47,True,0.5808,0.138,4830,666.5,648.0,107.29,complete__ascoli__98-SR-HiDe.swc,0.387383,0.018939,0.0,11814.776,2948.5909,2948.5909,14763.3669,666.5,547.8912,0.5808,21,5104,23.3,3,0,127,24
Conte,aIN-524-nrn-ns-100407-transl-invX-scaled-straightened,162048,Xenopus laevis,interneuron|ascending,spinal cord,10.1016/j.jneumeth.2020.109062,in vivo,conte,False,5.676424,0,4,5,4.62,False,0.3,0.3,3066,919.79,495.03,41.46,complete__conte__aIN-524-nrn-ns-100407-transl-invX-scaled-straightened.swc,0.975483,0.0,0.0,1764.5852,310.8621,310.8621,2075.4474,919.79,760.4528,0.3,5,154,10.8111,9,0,5,8
Conte,cIN-1375-nrn-ns-101206-transl-invX-scaled-straightened,162034,Xenopus laevis,interneuron|Commissural,spinal cord,10.1016/j.jneumeth.2020.109062,in vivo,conte,False,12.123619,0,4,7,15.42,False,0.3,0.3,6430,1929.03,208.46,88.1,complete__conte__cIN-1375-nrn-ns-101206-transl-invX-scaled-straightened.swc,0.952317,0.0,0.0,2121.1653,174.9614,174.9614,2296.1266,1929.03,1248.866,0.3,9,178,9.0457,7,0,4,8
Conte,cIN-961110-1-1-nrn-ns-100329-scaled-straightened,162064,Xenopus laevis,interneuron|Commissural,spinal cord,10.1016/j.jneumeth.2020.109062,in vivo,conte,False,54.34038,0,2,0,6.52,True,0.3,0.3,3387,1016.18,213.33,96.76,complete__conte__cIN-961110-1-1-nrn-ns-100329-scaled-straightened.swc,0.889715,0.0,0.0,1221.2131,22.4734,22.4734,1243.6864,1016.18,750.395,0.3,11,81,9.1767,6,0,2,1
Conte,dIN-000516-nrn-ns-100624-transl-invX-scaled-straightened,162096,Xenopus laevis,interneuron|Descending,spinal cord,10.1016/j.jneumeth.2020.109062,in vivo,conte,False,11.354448,0,4,5,2.86,False,0.3,0.3,3232,969.71,492.05,51.82,complete__conte__dIN-000516-nrn-ns-100624-transl-invX-scaled-straightened.swc,0.960853,0.0,0.0,1130.4182,99.5573,99.5573,1229.9755,969.71,1084.7087,0.3,5,84,6.44,5,0,3,7
Conte,dIN-000623-nrn-ns-100623-transl-invX-scaled-straightened,162026,Xenopus laevis,interneuron|Descending,spinal cord,10.1016/j.jneumeth.2020.109062,in vivo,conte,False,7.483944,0,1,4,2.86,False,0.3,0.3,1342,402.45,296.6,13.82,complete__conte__dIN-000623-nrn-ns-100623-transl-invX-scaled-straightened.swc,0.954694,0.0,0.0,528.1726,70.5741,70.5741,598.7467,402.45,490.0728,0.3,4,75,8.5333,6,0,2,5
Conte,dIN-1137-nrn-ns-101028-transl-invX-scaled-straightened,162027,Xenopus laevis,interneuron|Descending,spinal cord,10.1016/j.jneumeth.2020.109062,in vivo,conte,False,7.486845,0,2,0,5.28,False,0.3,0.3,2269,90.72,680.82,17.15,complete__conte__dIN-1137-nrn-ns-101028-transl-invX-scaled-straightened.swc,0.924226,0.0,99.5719,745.4794,0.0,99.5719,845.0513,680.82,655.0299,0.3,10,74,13.0429,7,2,3,0
Conte,dIN-1301-nrn-ns-100930-transl-invX-scaled-straightened,162046,Xenopus laevis,interneuron|Descending,spinal cord,10.1016/j.jneumeth.2020.109062,in vivo,conte,False,13.300811,2,2,0,5.12,False,0.3,0.3,3051,915.21,758.05,35.04,complete__conte__dIN-1301-nrn-ns-100930-transl-invX-scaled-straightened.swc,0.946162,0.0,89.8473,1195.042,0.0,89.8473,1284.8892,915.21,1162.0253,0.3,9,65,14.155,8,3,3,0
Conte,dIN-1330-nrn-ns-100928-V3-transl-invX-scaled-straightened,162095,Xenopus laevis,interneuron|Descending,spinal cord,10.1016/j.jneumeth.2020.109062,in vivo,conte,False,6.523329,0,1,4,8.58,False,0.3,0.3,4101,462.63,1230.34,33.93,complete__conte__dIN-1330-nrn-ns-100928-V3-transl-invX-scaled-straightened.swc,0.909627,0.0,16.103,1314.7203,185.4383,201.5413,1516.2616,1230.34,1278.9962,0.3,9,125,15.5167,12,1,1,7
Conte,dIN-1343-nrn-ns-100907-transl-invX-scaled-straightened,162044,Xenopus laevis,interneuron|Descending,spinal cord,10.1016/j.jneumeth.2020.109062,in vivo,conte,False,11.644852,1,2,2,4.62,False,0.3,0.3,3700,663.39,1110.04,32.84,complete__conte__dIN-1343-nrn-ns-100907-transl-invX-scaled-straightened.swc,0.913353,0.0,46.0624,1308.5285,66.3073,112.3697,1420.8982,1110.04,1248.8977,0.3,7,109,12.5767,6,2,1,4
Conte,dIN-1354-nrn-ns-100902-transl-invX-scaled-straightened,162084,Xenopus laevis,interneuron|Descending,spinal cord,10.1016/j.jneumeth.2020.109062,in vivo,conte,False,5.927717,1,2,2,6.4,True,1.28,0.3,3612,1083.59,244.77,73.75,complete__conte__dIN-1354-nrn-ns-100902-transl-invX-scaled-straightened.swc,0.869988,0.0,70.0099,1123.0499,119.4475,189.4574,1312.5074,1083.59,1084.9126,0.3,10,130,17.2422,9,3,1,4
Conte,dIN-1437-nrn-ns-100826-transl-invX-scaled-straightened,162042,Xenopus laevis,interneuron|Descending,spinal cord,10.1016/j.jneumeth.2020.109062,in vivo,conte,False,7.91746,3,2,1,6.9,True,0.3,0.3,2578,773.52,280.49,31.19,complete__conte__dIN-1437-nrn-ns-100826-transl-invX-scaled-straightened.swc,0.837175,0.0,63.702,864.4908,45.4859,109.1879,973.6787,773.52,815.0417,0.3,10,86,8.64,6,4,2,2
Conte,dIN-364-nrn-ns-100407-transl-invX-scaled-straightened,162028,Xenopus laevis,interneuron|Descending,spinal cord,10.1016/j.jneumeth.2020.109062,in vivo,conte,False,8.725002,0,4,3,4.04,False,0.3,0.3,2204,661.21,164.49,13.84,complete__conte__dIN-364-nrn-ns-100407-transl-invX-scaled-straightened.swc,0.966816,0.0,0.0,782.3613,89.6689,89.6689,872.0302,661.21,546.9841,0.3,5,82,7.512,5,0,2,6
Conte,dIN-436-NRN-ONLY-100324-UNPROCESSED-WITHIN-NS,162052,Xenopus laevis,interneuron|Descending,spinal cord,10.1016/j.jneumeth.2020.109062,in vivo,conte,False,42.064166,0,3,1,5.0,False,0.3,0.3,4507,1352.14,485.68,24.0,complete__conte__dIN-436-NRN-ONLY-100324-UNPROCESSED-WITHIN-NS.swc,0.952701,0.0,0.0,1538.2445,36.569,36.569,1574.8136,1352.14,1210.7801,0.3,9,136,9.9067,6,0,2,3
Conte,dIN-487-nrn-ns-100409-transl-invX-scaled-straightened,162066,Xenopus laevis,interneuron|Descending,spinal cord,10.1016/j.jneumeth.2020.109062,in vivo,conte,False,18.946355,0,2,1,3.84,False,0.3,0.3,1812,543.56,235.75,10.37,complete__conte__dIN-487-nrn-ns-100409-transl-invX-scaled-straightened.swc,0.952177,0.0,0.0,611.6357,32.2825,32.2825,643.9182,543.56,591.1828,0.3,5,57,9.26,6,0,1,3
Conte,dIN-526-nrn-ns-100402-transl-invX-scaled-straightened,162037,Xenopus laevis,interneuron|Descending,spinal cord,10.1016/j.jneumeth.2020.109062,in vivo,conte,False,4.831577,0,1,5,1.82,False,0.3,0.3,4211,1263.38,878.03,24.16,complete__conte__dIN-526-nrn-ns-100402-transl-invX-scaled-straightened.swc,0.991154,0.0,47.0311,1538.9313,271.4842,318.5153,1857.4467,1263.38,1507.766,0.3,3,129,14.545,8,2,1,8
Conte,dla-358-nrn-ns-120711-transl-invX-scaled-straightened,162056,Xenopus laevis,interneuron|dorsolateral ascending neuron (dla),spinal cord,10.1016/j.jneumeth.2020.109062,in vivo,conte,False,12.581418,0,2,1,9.06,True,0.3,0.3,4938,1481.28,674.14,63.26,complete__conte__dla-358-nrn-ns-120711-transl-invX-scaled-straightened.swc,0.899996,0.0,0.0,1836.4655,145.9665,145.9665,1982.432,1481.28,1592.3437,0.3,11,133,13.704,5,0,1,6
Conte,dlc-000504-3-2-nrn-ns-120712-comb-transl-invX-scaled-straight,162092,Xenopus laevis,interneuron|dorsolateral commissural neuron (dlc),spinal cord,10.1016/j.jneumeth.2020.109062,in vivo,conte,False,56.5111,0,2,0,10.76,False,0.3,0.3,6395,1918.57,1252.58,107.11,complete__conte__dlc-000504-3-2-nrn-ns-120712-comb-transl-invX-scaled-straight.swc,0.957784,0.0,32.5248,2519.1292,12.0528,44.5776,2563.7068,1918.57,1759.2854,0.3,7,169,10.848,10,1,2,1
Conte,dlc-1367-nrn-ns-110116-combined-transl-invX-scaled-straightened,162074,Xenopus laevis,interneuron|dorsolateral commissural neuron (dlc),spinal cord,10.1016/j.jneumeth.2020.109062,in vivo,conte,False,15.724485,0,4,1,2.86,False,0.3,0.3,4502,175.2,1350.6,62.21,complete__conte__dlc-1367-nrn-ns-110116-combined-transl-invX-scaled-straightened.swc,0.959066,0.0,0.0,1569.1574,99.7907,99.7907,1668.9481,1350.6,708.0958,0.3,5,136,11.42,9,0,4,5
Conte,hdIN-935-nrn-ns-111213-transl-invX-scaled-straightened,162049,Xenopus laevis,interneuron|Descending,brainstem|hindbrain,10.1016/j.jneumeth.2020.109062,in vivo,conte,False,4.110115,5,0,0,5.28,False,0.3,0.3,1452,435.55,197.18,50.91,complete__conte__hdIN-935-nrn-ns-111213-transl-invX-scaled-straightened.swc,0.983329,0.0,114.8954,472.2333,0.0,114.8954,587.1287,435.55,461.5122,0.3,3,36,10.885,4,6,1,0
Conte,hdIN-951-nrn-ns-111215-transl-invX-scaled-straightened,162087,Xenopus laevis,interneuron|Descending,brainstem|hindbrain,10.1016/j.jneumeth.2020.109062,in vivo,conte,False,43.136455,0,4,0,0.3,False,0.3,0.3,5210,1563.08,715.49,97.42,complete__conte__hdIN-951-nrn-ns-111215-transl-invX-scaled-straightened.swc,1.0,0.0,42.5695,1836.2973,0.0,42.5695,1878.8669,1563.08,1079.2422,0.3,1,48,12.535,4,1,5,0
Conte,hdINE-107-2-1-nrn-ns-120110-transl-invX-scaled-straightened,162079,Xenopus laevis,interneuron|Descending,brainstem|hindbrain,10.1016/j.jneumeth.2020.109062,in vivo,conte,False,4.906486,6,0,0,5.72,False,0.3,0.3,2811,843.44,296.76,19.33,complete__conte__hdINE-107-2-1-nrn-ns-120110-transl-invX-scaled-straightened.swc,0.951824,0.0,175.1044,859.1473,0.0,175.1044,1034.2517,843.44,861.0495,0.3,8,43,9.6176,5,7,1,0
Conte,hdINE-208-1-2-nrn-ns-120110-transl-invX-scaled-straightened,162032,Xenopus laevis,interneuron|Descending,brainstem|hindbrain,10.1016/j.jneumeth.2020.109062,in vivo,conte,False,13.857084,4,1,0,0.3,False,0.3,0.3,6712,2013.74,88.36,44.92,complete__conte__hdINE-208-1-2-nrn-ns-120110-transl-invX-scaled-straightened.swc,1.0,0.0,148.8618,2062.7904,0.0,148.8618,2211.6521,2013.74,1672.6038,0.3,1,57,6.728,5,5,2,0
Conte,hdINE-219-1-2-nrn-ns-120111-transl-invX-scaled-straightened,162059,Xenopus laevis,interneuron|Descending,brainstem|hindbrain,10.1016/j.jneumeth.2020.109062,in vivo,conte,False,4.690514,5,2,0,6.4,False,0.3,0.3,3052,915.47,72.92,47.9,complete__conte__hdINE-219-1-2-nrn-ns-120111-transl-invX-scaled-straightened.swc,0.909501,0.0,215.1114,1008.983,0.0,215.1114,1224.0945,915.47,516.1339,0.3,9,65,11.8,4,6,3,0
Conte,hdINE-229-1-1-nrn-ns-111215-transl-invX-scaled-straightened,162023,Xenopus laevis,interneuron|Descending,brainstem|hindbrain,10.1016/j.jneumeth.2020.109062,in vivo,conte,False,5.599381,8,1,0,4.62,False,0.3,0.3,3314,994.09,217.15,28.82,complete__conte__hdINE-229-1-1-nrn-ns-111215-transl-invX-scaled-straightened.swc,0.973385,0.0,200.9413,1125.1469,0.0,200.9413,1326.0882,994.09,619.962,0.3,5,53,9.512,5,9,2,0
Feldmeyer,BC110530F_01,109128,rat,interneuron|Non-fast spiking|Local projecting|non-Martinotti-like,neocortex|somatosensory|barrel|layer 4,10.1093/cercor/bhx352,in vitro,feldmeyer,False,9.381928,0,537,31,3.31,True,0.24,0.24,4920,537.99,1180.71,348.78,complete__feldmeyer__BC110530F_01.swc,0.85697,0.85697,0.0,43389.1865,4624.7624,4624.7624,48013.949,1180.71,742.0647,0.24,22,117470,19.1578,3,0,538,36
Feldmeyer,BC111209D_02,109129,rat,interneuron|Non-fast spiking|transcolumnar,neocortex|somatosensory|barrel|layer 4,10.1093/cercor/bhx352,in vitro,feldmeyer,False,8.26693,0,334,40,4.44,True,0.32,0.17,6060,1030.18,856.75,425.41,complete__feldmeyer__BC111209D_02.swc,0.613946,0.269827,0.0,35466.0515,4290.1115,4290.1115,39756.163,1030.18,708.0517,0.32,20,65385,22.5692,3,0,335,44
Feldmeyer,BC120209A_03,109133,rat,interneuron|Non-fast spiking|transcolumnar,neocortex|somatosensory|barrel|layer 4,10.1093/cercor/bhx352,in vitro,feldmeyer,False,7.834289,0,642,42,4.04,True,0.24,0.24,4871,1169.12,1118.2,466.07,complete__feldmeyer__BC120209A_03.swc,0.887451,0.887451,0.0,56657.3319,7231.9689,7231.9689,63889.3008,1169.12,868.335,0.24,21,106655,25.625,3,0,643,48
Feldmeyer,BC120301A_04,109115,rat,interneuron|Non-fast spiking|Local projecting|non-Martinotti-like,neocortex|somatosensory|barrel|layer 4,10.1093/cercor/bhx352,in vitro,feldmeyer,False,5.885028,0,422,46,2.42,True,0.24,0.24,3212,770.8,510.91,240.63,complete__feldmeyer__BC120301A_04.swc,0.865737,0.865737,0.0,31146.2597,5292.4575,5292.4575,36438.7172,770.8,482.0038,0.24,15,105859,23.7398,3,0,423,52
Feldmeyer,BC120830F_05,109126,rat,interneuron|Non-fast spiking|Local projecting|non-Martinotti-like,neocortex|somatosensory|barrel|layer 4,10.1093/cercor/bhx352,in vitro,feldmeyer,False,8.40305,0,416,26,2.9,True,0.24,0.24,5725,664.85,1373.9,435.82,complete__feldmeyer__BC120830F_05.swc,0.525345,0.525345,0.0,38429.8009,4573.3155,4573.3155,43003.1163,1373.9,758.6991,0.24,18,86609,13.7052,3,0,417,33
Feldmeyer,BC130207C_06,109116,rat,interneuron|Non-fast spiking|Local projecting|non-Martinotti-like,neocortex|somatosensory|barrel|layer 4,10.1093/cercor/bhx352,in vitro,feldmeyer,False,6.668426,0,231,40,1.53,True,0.32,0.08,6224,497.94,491.5,266.05,complete__feldmeyer__BC130207C_06.swc,0.615931,0.254953,0.0,21985.5443,3296.9617,3296.9617,25282.506,497.94,346.4307,0.32,16,57605,22.0642,3,0,232,50
Feldmeyer,BC130221A_07,109130,rat,interneuron|Non-fast spiking|transcolumnar,neocortex|somatosensory|barrel|layer 4,10.1093/cercor/bhx352,in vitro,feldmeyer,False,10.279998,0,507,39,4.69,False,0.24,0.24,4746,688.11,1139.0,578.09,complete__feldmeyer__BC130221A_07.swc,0.9046,0.9046,0.0,54258.7682,5278.0915,5278.0915,59536.8596,1139.0,673.2699,0.24,24,88033,22.578,3,0,508,43
Feldmeyer,BC130222A_08,109132,rat,interneuron|Non-fast spiking|transcolumnar,neocortex|somatosensory|barrel|layer 4,10.1093/cercor/bhx352,in vitro,feldmeyer,False,8.725279,0,463,37,2.83,True,0.24,0.24,5877,1410.43,1097.79,420.82,complete__feldmeyer__BC130222A_08.swc,0.882309,0.882309,0.0,50418.2924,5778.4162,5778.4162,56196.7086,1410.43,933.105,0.24,18,90148,19.1945,3,0,464,43
Feldmeyer,BC130311C_09,109134,rat,interneuron|Non-fast spiking|transcolumnar,neocortex|somatosensory|barrel|layer 4,10.1093/cercor/bhx352,in vitro,feldmeyer,False,6.405839,0,454,41,3.22,True,0.24,0.24,4727,1134.37,1043.35,360.74,complete__feldmeyer__BC130311C_09.swc,0.79504,0.79504,0.0,36476.6921,5694.2881,5694.2881,42170.9801,1134.37,815.7142,0.24,22,120349,18.571,3,0,455,46
Feldmeyer,BC130318C_10,109119,rat,interneuron|Non-fast spiking|Local projecting|non-Martinotti-like,neocortex|somatosensory|barrel|layer 4,10.1093/cercor/bhx352,in vitro,feldmeyer,False,5.790048,0,387,38,1.62,True,0.24,0.17,4937,585.12,839.34,340.82,complete__feldmeyer__BC130318C_10.swc,0.800091,0.801065,0.0,31793.2402,5491.0147,5491.0147,37284.255,839.34,621.1741,0.24,17,100595,20.0444,3,0,388,46
Feldmeyer,BC130403A_11,109095,rat,interneuron|Non-fast spiking|VIP-like|intracolumnar,neocortex|somatosensory|barrel|layer 4,10.1093/cercor/bhx352,in vitro,feldmeyer,False,6.36996,0,273,35,5.25,True,0.17,0.08,11145,846.34,891.61,456.32,complete__feldmeyer__BC130403A_11.swc,0.732112,0.887596,0.0,38247.4596,6004.3485,6004.3485,44251.8081,891.61,749.0111,0.17,24,91778,18.2254,3,0,274,39
Feldmeyer,BC130403B_12,109120,rat,interneuron|Non-fast spiking|Local projecting|non-Martinotti-like,neocortex|somatosensory|barrel|layer 4,10.1093/cercor/bhx352,in vitro,feldmeyer,False,9.716796,0,493,22,3.47,True,0.24,0.24,4039,969.27,531.25,420.19,complete__feldmeyer__BC130403B_12.swc,0.839442,0.839442,0.0,41245.0744,4244.7198,4244.7198,45489.7942,969.27,585.0986,0.24,19,118118,15.3514,3,0,494,27
Feldmeyer,BC130405C_13,109131,rat,interneuron|Non-fast spiking|transcolumnar,neocortex|somatosensory|barrel|layer 4,10.1093/cercor/bhx352,in vitro,feldmeyer,False,8.285681,0,642,47,3.55,True,0.17,0.08,10260,776.3,820.84,372.19,complete__feldmeyer__BC130405C_13.swc,0.596462,0.83082,0.0,49866.1423,6018.3515,6018.3515,55884.4938,820.84,561.1855,0.17,28,136160,22.2924,3,0,643,52
Feldmeyer,BC130430D_14,109090,rat,interneuron|Non-fast spiking|Neurogliaform-like|Local projecting,neocortex|somatosensory|barrel|layer 4,10.1093/cercor/bhx352,in vitro,feldmeyer,False,3.054635,0,88,30,3.15,True,0.24,0.17,9832,945.4,1671.38,412.42,complete__feldmeyer__BC130430D_14.swc,0.6415,0.646954,0.0,14146.0585,4631.0137,4631.0137,18777.0722,1671.38,1047.4341,0.24,20,37252,17.7362,3,0,89,34
Feldmeyer,BC130503A_15,109110,rat,interneuron|Non-fast spiking|Local projecting|non-Martinotti-like,neocortex|somatosensory|barrel|layer 4,10.1093/cercor/bhx352,in vitro,feldmeyer,False,11.37793,0,455,32,3.31,True,0.24,0.24,3257,643.86,781.78,427.12,complete__feldmeyer__BC130503A_15.swc,0.878805,0.878805,0.0,48387.8134,4252.7781,4252.7781,52640.5915,781.78,597.0755,0.24,15,126403,20.2242,3,0,456,38
Feldmeyer,BC130514A_16,109124,rat,interneuron|Non-fast spiking|Local projecting|non-Martinotti-like,neocortex|somatosensory|barrel|layer 4,10.1093/cercor/bhx352,in vitro,feldmeyer,False,3.484717,0,230,55,6.38,True,0.17,0.17,4821,404.0,819.62,287.17,complete__feldmeyer__BC130514A_16.swc,0.661461,0.78585,0.0,22389.283,6424.9935,6424.9935,28814.2766,819.62,552.9268,0.17,26,62022,20.9706,3,0,231,61
Feldmeyer,BC130705A_17,109135,rat,interneuron|Non-fast spiking|transcolumnar,neocortex|somatosensory|barrel|layer 4,10.1093/cercor/bhx352,in vitro,feldmeyer,False,9.610292,0,149,18,2.66,True,0.24,0.24,3166,759.88,542.47,441.69,complete__feldmeyer__BC130705A_17.swc,0.771646,0.771646,0.0,24793.1974,2579.8589,2579.8589,27373.0564,759.88,515.5306,0.24,20,61124,19.5182,3,0,150,24
Feldmeyer,BC130805A_18,109127,rat,interneuron|Non-fast spiking|Local projecting|non-Martinotti-like,neocortex|somatosensory|barrel|layer 4,10.1093/cercor/bhx352,in vitro,feldmeyer,False,9.078119,0,527,22,2.26,True,0.24,0.24,3497,461.78,839.21,383.12,complete__feldmeyer__BC130805A_18.swc,0.823671,0.823671,0.0,36635.2121,4035.5508,4035.5508,40670.7629,839.21,701.4879,0.24,21,97344,24.3372,3,0,528,28
Feldmeyer,BC130819B_19,109104,rat,interneuron|Non-fast spiking|Martinotti-like|supragranular projecting,neocortex|somatosensory|barrel|layer 4,10.1093/cercor/bhx352,in vitro,feldmeyer,False,9.363579,0,476,37,7.26,True,0.17,0.09,8586,772.71,747.22,384.92,complete__feldmeyer__BC130819B_19.swc,0.54036,0.848405,0.0,42322.94,4519.9534,4519.9534,46842.8934,772.71,558.3339,0.17,31,85712,21.7426,3,0,477,42
Feldmeyer,BC130916B_20,109102,rat,interneuron|Non-fast spiking|Martinotti-like|supragranular projecting,neocortex|somatosensory|barrel|layer 4,10.1093/cercor/bhx352,in vitro,feldmeyer,False,8.104773,0,497,38,4.28,True,0.24,0.17,6871,1168.05,857.25,322.95,complete__feldmeyer__BC130916B_20.swc,0.679576,0.697191,0.0,39389.355,4860.0195,4860.0195,44249.3745,1168.05,702.4964,0.24,29,117491,25.5274,3,0,498,43
Feldmeyer,BC140212B_21,109111,rat,interneuron|Non-fast spiking|Local projecting|non-Martinotti-like,neocortex|somatosensory|barrel|layer 4,10.1093/cercor/bhx352,in vitro,feldmeyer,False,5.626316,0,357,34,3.55,True,0.32,0.24,3298,571.67,791.52,437.2,complete__feldmeyer__BC140212B_21.swc,0.434707,0.434707,0.0,25102.6851,4461.6559,4461.6559,29564.341,791.52,654.7707,0.24,16,65332,16.4512,3,0,358,36
Feldmeyer,BC140213F_22,109112,rat,interneuron|Non-fast spiking|Local projecting|non-Martinotti-like,neocortex|somatosensory|barrel|layer 4,10.1093/cercor/bhx352,in vitro,feldmeyer,False,9.047047,0,373,22,3.71,True,0.24,0.17,5423,921.92,697.87,399.94,complete__feldmeyer__BC140213F_22.swc,0.456997,0.884829,0.0,39974.0259,4418.4611,4418.4611,44392.4869,921.92,546.3558,0.17,24,68358,23.7442,3,0,374,27
Feldmeyer,BC140219A_23,109114,rat,interneuron|Non-fast spiking|Local projecting|non-Martinotti-like,neocortex|somatosensory|barrel|layer 4,10.1093/cercor/bhx352,in vitro,feldmeyer,False,9.804994,0,398,23,7.02,True,0.24,0.08,15184,874.7,1214.75,445.18,complete__feldmeyer__BC140219A_23.swc,0.702277,0.879705,0.0,37772.5495,3852.3785,3852.3785,41624.9279,1214.75,817.643,0.24,25,64198,24.359,3,0,399,28
Feldmeyer,BC140224A_24,109117,rat,interneuron|Non-fast spiking|Local projecting|non-Martinotti-like,neocortex|somatosensory|barrel|layer 4,10.1093/cercor/bhx352,in vitro,feldmeyer,False,20.475218,0,375,17,4.04,True,0.17,0.08,10794,830.17,863.51,388.46,complete__feldmeyer__BC140224A_24.swc,0.77312,0.956417,0.0,47158.4411,2303.1961,2303.1961,49461.6372,863.51,610.1004,0.17,22,104926,24.7578,3,0,376,23
Feldmeyer,BC140226A_25,109096,rat,interneuron|Non-fast spiking|VIP-like|intracolumnar,neocortex|somatosensory|barrel|layer 4,10.1093/cercor/bhx352,in vitro,feldmeyer,False,8.358047,0,222,17,5.49,True,0.24,0.17,7116,945.62,1209.68,404.01,complete__feldmeyer__BC140226A_25.swc,0.850576,0.875439,0.0,38062.478,4553.992,4553.992,42616.47,1209.68,760.8316,0.24,29,90087,24.089,3,0,223,24
Feldmeyer,BC150106A_26,109121,rat,interneuron|Non-fast spiking|Local projecting|non-Martinotti-like,neocortex|somatosensory|barrel|layer 4,10.1093/cercor/bhx352,in vitro,feldmeyer,False,9.949813,0,640,24,3.31,True,0.32,0.24,4025,530.64,965.96,208.41,complete__feldmeyer__BC150106A_26.swc,0.45412,0.365627,0.0,32223.1783,3238.5714,3238.5714,35461.7497,965.96,746.4541,0.32,20,92171,23.6566,3,0,641,30
Feldmeyer,BC150112A_27,109109,rat,interneuron|Non-fast spiking|Local projecting|non-Martinotti-like,neocortex|somatosensory|barrel|layer 4,10.1093/cercor/bhx352,in vitro,feldmeyer,False,7.792542,0,514,35,3.96,True,0.24,0.24,3421,541.67,821.08,216.68,complete__feldmeyer__BC150112A_27.swc,0.875252,0.875252,0.0,34982.4412,4489.2208,4489.2208,39471.662,821.08,695.8465,0.24,27,98759,27.8426,3,0,515,42
Feldmeyer,BC150319A_28,109107,rat,interneuron|Non-fast spiking|Martinotti-like|supragranular projecting,neocortex|somatosensory|barrel|layer 4,10.1093/cercor/bhx352,in vitro,feldmeyer,False,10.419106,0,357,22,3.15,True,0.24,0.24,5312,904.32,1274.85,488.11,complete__feldmeyer__BC150319A_28.swc,0.580329,0.580329,0.0,37147.462,3565.3213,3565.3213,40712.7833,1274.85,724.6116,0.24,21,90769,20.3342,3,0,358,27
Feldmeyer,BC150330C_29,109101,rat,interneuron|Non-fast spiking|Martinotti-like|supragranular projecting,neocortex|somatosensory|barrel|layer 4,10.1093/cercor/bhx352,in vitro,feldmeyer,False,7.620967,0,697,40,4.04,True,0.32,0.24,6107,726.44,1465.65,224.15,complete__feldmeyer__BC150330C_29.swc,0.504719,0.3643,0.0,38614.799,5066.9159,5066.9159,43681.7149,1465.65,845.0946,0.32,21,114667,28.9006,3,0,698,47
Feldmeyer,BC150330E_30,109125,rat,interneuron|Non-fast spiking|Local projecting|non-Martinotti-like,neocortex|somatosensory|barrel|layer 4,10.1093/cercor/bhx352,in vitro,feldmeyer,False,10.284539,0,912,45,5.41,True,0.32,0.24,5558,453.64,1333.88,162.28,complete__feldmeyer__BC150330E_30.swc,0.466078,0.295624,0.0,53834.9105,5234.548,5234.548,59069.4585,1333.88,856.4517,0.32,27,78721,29.0704,3,0,913,51
Feldmeyer,BC150410A_31,109118,rat,interneuron|Non-fast spiking|Local projecting|non-Martinotti-like,neocortex|somatosensory|barrel|layer 4,10.1093/cercor/bhx352,in vitro,feldmeyer,False,8.97969,0,387,29,5.81,True,0.24,0.24,3438,656.64,825.11,288.72,complete__feldmeyer__BC150410A_31.swc,0.58756,0.58756,0.0,34846.8653,3880.6313,3880.6313,38727.4966,825.11,513.2823,0.24,24,89932,26.9434,3,0,388,38
Feldmeyer,BC150416A_32,109122,rat,interneuron|Non-fast spiking|Local projecting|non-Martinotti-like,neocortex|somatosensory|barrel|layer 4,10.1093/cercor/bhx352,in vitro,feldmeyer,False,9.68004,0,516,26,5.17,True,0.32,0.24,3745,741.63,898.89,271.08,complete__feldmeyer__BC150416A_32.swc,0.510486,0.341506,0.0,36151.4156,3734.635,3734.635,39886.0506,898.89,808.4615,0.32,21,103206,22.4778,3,0,517,33
Feldmeyer,BC150721A_33,109091,rat,interneuron|Non-fast spiking|Neurogliaform-like|Local projecting,neocortex|somatosensory|barrel|layer 4,10.1093/cercor/bhx352,in vitro,feldmeyer,False,3.907457,0,213,30,1.38,True,0.24,0.24,5585,490.01,1340.35,387.92,complete__feldmeyer__BC150721A_33.swc,0.537536,0.537536,0.0,16617.9937,4252.8926,4252.8926,20870.8863,1340.35,888.2579,0.24,13,44322,16.1479,8,0,214,33
Feldmeyer,BC150925A_34,109093,rat,interneuron|Non-fast spiking|Neurogliaform-like|Local projecting,neocortex|somatosensory|barrel|layer 4,10.1093/cercor/bhx352,in vitro,feldmeyer,False,9.035649,0,301,23,2.1,True,0.24,0.24,7165,831.39,1719.65,448.43,complete__feldmeyer__BC150925A_34.swc,0.772221,0.772221,0.0,30463.771,3371.5088,3371.5088,33835.2798,1719.65,1120.6795,0.24,16,75727,19.9948,3,0,302,27
Feldmeyer,BC160115E_35,109106,rat,interneuron|Non-fast spiking|Martinotti-like|supragranular projecting,neocortex|somatosensory|barrel|layer 4,10.1093/cercor/bhx352,in vitro,feldmeyer,False,8.463771,0,548,38,4.52,True,0.24,0.24,4727,527.36,1134.41,377.57,complete__feldmeyer__BC160115E_35.swc,0.812652,0.812652,0.0,43193.673,5103.3606,5103.3606,48297.0336,1134.41,746.4052,0.24,21,95941,29.9082,3,0,549,43
Feldmeyer,BC160201B_36,109103,rat,interneuron|Non-fast spiking|Martinotti-like|supragranular projecting,neocortex|somatosensory|barrel|layer 4,10.1093/cercor/bhx352,in vitro,feldmeyer,False,5.861573,0,303,32,1.21,True,0.24,0.24,3566,616.71,855.87,371.26,complete__feldmeyer__BC160201B_36.swc,0.827607,0.827607,0.0,24117.4194,4114.4963,4114.4963,28231.9157,855.87,467.2707,0.24,13,54584,20.2292,3,0,304,38
Feldmeyer,BC160212C_37,109099,rat,interneuron|Non-fast spiking|VIP-like|intracolumnar,neocortex|somatosensory|barrel|layer 4,10.1093/cercor/bhx352,in vitro,feldmeyer,False,6.043748,0,341,29,1.77,True,0.24,0.24,4294,663.35,1030.47,329.25,complete__feldmeyer__BC160212C_37.swc,0.793164,0.793164,0.0,28678.2207,4745.1055,4745.1055,33423.3263,1030.47,607.1693,0.24,17,67924,21.8594,3,0,342,36
Feldmeyer,BC160311D_38,109097,rat,interneuron|Non-fast spiking|VIP-like|intracolumnar,neocortex|somatosensory|barrel|layer 4,10.1093/cercor/bhx352,in vitro,feldmeyer,False,7.740837,0,546,37,4.04,True,0.24,0.24,4602,1104.5,814.11,334.28,complete__feldmeyer__BC160311D_38.swc,0.811517,0.811517,0.0,45162.2891,5834.2902,5834.2902,50996.5793,1104.5,696.692,0.24,24,107604,20.1412,3,0,547,42
Feldmeyer,BC160620B_39,109136,rat,interneuron|Non-fast spiking|transcolumnar,neocortex|somatosensory|barrel|layer 4,10.1093/cercor/bhx352,in vitro,feldmeyer,False,7.811264,0,566,47,4.76,True,0.32,0.24,4886,1172.66,724.56,445.81,complete__feldmeyer__BC160620B_39.swc,0.411712,0.410691,0.0,42521.1278,5443.5656,5443.5656,47964.6934,1172.66,858.8893,0.32,19,88905,22.7276,3,0,567,54
Feldmeyer,BC170406B_40,109123,rat,interneuron|Non-fast spiking|Local projecting|non-Martinotti-like,neocortex|somatosensory|barrel|layer 4,10.1093/cercor/bhx352,in vitro,feldmeyer,False,3.145144,0,164,34,4.2,True,0.32,0.24,2500,600.01,555.26,295.22,complete__feldmeyer__BC170406B_40.swc,0.431724,0.250766,0.0,14325.4084,4554.7699,4554.7699,18880.1783,600.01,475.1935,0.32,17,39833,19.7908,3,0,165,39
Feldmeyer,BC170412A_41,109092,rat,interneuron|Non-fast spiking|Neurogliaform-like|Local projecting,neocortex|somatosensory|barrel|layer 4,10.1093/cercor/bhx352,in vitro,feldmeyer,False,5.974322,0,155,16,1.04,True,0.32,0.24,4816,432.94,1155.9,393.84,complete__feldmeyer__BC170412A_41.swc,0.571158,0.253035,0.0,15995.0926,2677.3068,2677.3068,18672.3993,1155.9,782.0644,0.32,11,42153,17.5507,3,0,156,20
Feldmeyer,BC170419I_42,109113,rat,interneuron|Non-fast spiking|Local projecting|non-Martinotti-like,neocortex|somatosensory|barrel|layer 4,10.1093/cercor/bhx352,in vitro,feldmeyer,False,6.495282,0,320,28,3.96,True,0.32,0.24,4512,608.54,1082.88,298.93,complete__feldmeyer__BC170419I_42.swc,0.462176,0.462176,0.0,26320.9298,4052.3149,4052.3149,30373.2447,1082.88,812.6546,0.24,17,66020,23.9086,3,0,321,34
Feldmeyer,BC170419L_43,109105,rat,interneuron|Non-fast spiking|Martinotti-like|supragranular projecting,neocortex|somatosensory|barrel|layer 4,10.1093/cercor/bhx352,in vitro,feldmeyer,False,9.143559,0,423,25,2.83,True,0.24,0.24,6184,706.73,1484.06,435.07,complete__feldmeyer__BC170419L_43.swc,0.872834,0.872834,0.0,34386.763,3760.7637,3760.7637,38147.5268,1484.06,847.6373,0.24,14,82042,20.3658,3,0,424,31
Feldmeyer,BC170425A_44,109094,rat,interneuron|Non-fast spiking|VIP-like|intracolumnar,neocortex|somatosensory|barrel|layer 4,10.1093/cercor/bhx352,in vitro,feldmeyer,False,10.275286,0,321,14,2.34,True,0.24,0.24,5373,1289.51,913.23,329.06,complete__feldmeyer__BC170425A_44.swc,0.789873,0.789873,0.0,37467.9555,3646.4147,3646.4147,41114.3702,1289.51,831.1405,0.24,15,90420,25.7244,3,0,322,22
Feldmeyer,BC170426E_45,109108,rat,interneuron|Non-fast spiking|Martinotti-like|supragranular projecting,neocortex|somatosensory|barrel|layer 4,10.1093/cercor/bhx352,in vitro,feldmeyer,False,9.580768,0,448,30,9.77,True,0.41,0.24,4658,611.32,1117.81,253.45,complete__feldmeyer__BC170426E_45.swc,0.489108,0.001007,0.0,38970.5546,4067.5816,4067.5816,43038.1361,1117.81,685.1084,0.41,26,106146,31.0794,3,0,449,35
Feldmeyer,BC170509E_46,109098,rat,interneuron|Non-fast spiking|VIP-like|intracolumnar,neocortex|somatosensory|barrel|layer 4,10.1093/cercor/bhx352,in vitro,feldmeyer,False,4.669651,0,274,32,2.74,True,0.32,0.24,3712,650.72,890.95,256.28,complete__feldmeyer__BC170509E_46.swc,0.482185,0.482185,0.0,24957.7283,5344.6663,5344.6663,30302.3947,890.95,576.4223,0.24,18,76450,20.7344,3,0,275,40
Feldmeyer,BC170512F_47,109100,rat,interneuron|Non-fast spiking|VIP-like|intracolumnar,neocortex|somatosensory|barrel|layer 4,10.1093/cercor/bhx352,in vitro,feldmeyer,False,7.801778,0,345,21,3.01,True,0.35,0.26,6240,1622.42,1262.83,1062.56,complete__feldmeyer__BC170512F_47.swc,0.705803,0.0,0.0,63424.6549,8129.5125,8129.5125,71554.1674,1622.42,1195.6025,0.35,15,101574,27.716,3,0,346,26
Feldmeyer,BC170519B_48,109089,rat,interneuron|Non-fast spiking|Neurogliaform-like|Local projecting,neocortex|somatosensory|barrel|layer 4,10.1093/cercor/bhx352,in vitro,feldmeyer,False,10.095937,0,528,29,4.93,True,0.32,0.32,5062,630.91,1619.82,503.64,complete__feldmeyer__BC170519B_48.swc,0.89715,0.0,0.0,49766.6714,4929.3762,4929.3762,54696.0476,1619.82,1017.9178,0.32,22,113959,31.799,3,0,529,32
Petersen,AP042,94026,mouse,principal cell|pyramidal|projection,neocortex|somatosensory|barrel|C2|layer 2|primary somatosensory,10.3389/fnana.2018.00033,in vivo,petersen,False,9.368557,18,218,46,4.44,True,0.25,0.02,245130,4902.6,3624.77,1285.81,complete__petersen__AP042.swc,0.69244,0.095105,2406.1016,68458.6471,4901.1759,7307.2775,75765.9246,4902.6,4259.4481,0.25,44,10485,18.782,3,19,219,56
Petersen,AP044,94027,mouse,principal cell|pyramidal|projection,neocortex|somatosensory|barrel|C2|layer 2|primary somatosensory,10.3389/fnana.2018.00033,in vivo,petersen,False,8.762507,0,275,63,3.08,True,0.25,0.04,94053,2719.93,3762.11,2908.46,complete__petersen__AP044.swc,0.523893,0.045368,0.0,63875.6345,7289.6529,7289.6529,71165.2874,3762.11,4378.4219,0.25,35,14218,18.1,3,0,276,69
Petersen,AP046,94028,mouse,principal cell|pyramidal|projection,neocortex|somatosensory|barrel|C2|layer 2|primary somatosensory,10.3389/fnana.2018.00033,in vivo,petersen,False,9.526141,0,190,62,3.21,True,0.25,0.07,85221,5965.48,3523.45,3931.29,complete__petersen__AP046.swc,0.837541,0.055093,0.0,61141.0155,6418.2356,6418.2356,67559.2512,5965.48,6457.4462,0.25,22,8287,14.644,3,0,191,70
Petersen,AP047,94029,mouse,principal cell|pyramidal|projection,neocortex|somatosensory|barrel|C2|layer 2|primary somatosensory,10.3389/fnana.2018.00033,in vivo,petersen,False,6.021978,0,179,67,2.47,True,0.25,0.07,56123,3928.63,3321.15,1780.96,complete__petersen__AP047.swc,0.440756,0.45549,0.0,47481.3465,7884.6756,7884.6756,55366.0221,3928.63,3857.3892,0.12,20,18721,17.182,3,0,180,75
Petersen,AP049,94030,mouse,principal cell|pyramidal|projection,neocortex|somatosensory|barrel|C2|layer 2|primary somatosensory,10.3389/fnana.2018.00033,in vivo,petersen,False,7.562498,0,136,63,4.56,True,0.25,0.12,18839,2260.7,2095.08,1851.53,complete__petersen__AP049.swc,0.695063,0.143375,0.0,52232.3824,6906.7635,6906.7635,59139.1459,2260.7,2102.8329,0.25,31,14606,18.82,3,0,137,69
Petersen,TY220,94031,mouse,principal cell|pyramidal|projection,neocortex|somatosensory|barrel|C2|layer 2|primary somatosensory,10.3389/fnana.2018.00033,in vivo,petersen,False,9.450461,0,149,60,5.952,True,0.25,0.12,48204,5784.44,1967.17,2496.28,complete__petersen__TY220.swc,0.868672,0.0204,0.0,64116.1191,6784.4437,6784.4437,70900.5629,5784.44,4148.4787,0.25,20,9007,12.702,3,0,150,68
Petersen,TY288,94032,mouse,principal cell|pyramidal|projection,neocortex|somatosensory|barrel|C2|layer 2|primary somatosensory,10.3389/fnana.2018.00033,in vivo,petersen,False,7.185399,0,119,60,3.33,True,0.25,0.01,632021,6320.21,2816.47,3181.96,complete__petersen__TY288.swc,0.759356,0.092628,0.0,48425.5204,6739.4337,6739.4337,55164.954,6320.21,5171.4966,0.25,24,16527,14.232,3,0,120,67
Petersen,TY300,94033,mouse,principal cell|pyramidal|projection,neocortex|somatosensory|barrel|C2|layer 2|primary somatosensory,10.3389/fnana.2018.00033,in vivo,petersen,False,7.818631,29,719,42,3.02,True,0.49,0.07,73607,5152.49,2319.65,1366.66,complete__petersen__TY300.swc,0.255468,0.000927,2950.5101,58702.0856,4557.4645,7507.9746,66210.0602,5152.49,4452.0001,0.37,43,15766,14.936,3,30,720,51
Petersen,TY302,94034,mouse,principal cell|pyramidal|projection,neocortex|somatosensory|barrel|C2|layer 2|primary somatosensory,10.3389/fnana.2018.00033,in vivo,petersen,False,9.995566,0,824,67,4.5,True,0.49,0.12,32701,2053.49,3924.17,960.06,complete__petersen__TY302.swc,0.193885,0.001107,0.0,64332.7037,6436.1244,6436.1244,70768.8281,3924.17,3642.2811,0.37,71,15243,15.466,3,0,825,75
Petersen,TY308,94035,mouse,principal cell|pyramidal|projection,neocortex|somatosensory|barrel|C2|layer 2|primary somatosensory,10.3389/fnana.2018.00033,in vivo,petersen,False,9.782239,0,506,71,2.85,True,0.37,0.12,30154,3618.51,2878.27,2263.07,complete__petersen__TY308.swc,0.588417,0.0009,0.0,74166.416,7581.7425,7581.7425,81748.1585,3618.51,4115.8275,0.37,27,15210,14.41,3,0,507,77
Petersen,TY310,94036,mouse,principal cell|pyramidal|projection,neocortex|somatosensory|barrel|C2|layer 2|primary somatosensory,10.3389/fnana.2018.00033,in vivo,petersen,False,9.90092,39,212,32,4.81,True,0.25,0.12,44486,5338.38,4996.93,4698.86,complete__petersen__TY310.swc,0.640233,0.036867,4009.3172,70694.7301,3130.9012,7140.2184,77834.9485,5338.38,6392.8565,0.25,34,9712,24.32,3,40,213,36
Petersen,TY337,94037,mouse,principal cell|pyramidal|projection,neocortex|somatosensory|barrel|C2|layer 2|primary somatosensory,10.3389/fnana.2018.00033,in vivo,petersen,False,8.750618,30,260,34,5.06,True,0.37,0.12,43083,3823.77,5169.96,3855.91,complete__petersen__TY337.swc,0.717036,0.000585,3466.7512,65615.0015,4031.5766,7498.3278,73113.3293,5169.96,5816.7528,0.37,35,11946,18.778,3,31,261,39
Petersen,TY345,94038,mouse,principal cell|pyramidal|projection,neocortex|somatosensory|barrel|C2|layer 2|primary somatosensory,10.3389/fnana.2018.00033,in vivo,petersen,False,7.750682,23,952,28,3.61,True,0.37,0.12,44868,2455.46,5384.13,1409.45,complete__petersen__TY345.swc,0.399217,0.015344,2736.2035,45496.6967,3133.8213,5870.0248,51366.7215,5384.13,4505.4973,0.37,45,12116,17.024,3,24,953,34
Petersen,TY367,94039,mouse,principal cell|pyramidal|projection,neocortex|somatosensory|barrel|C2|layer 2|primary somatosensory,10.3389/fnana.2018.00033,in vivo,petersen,False,11.616597,0,1120,57,2.96,True,0.49,0.12,52830,3067.5,2468.61,6339.62,complete__petersen__TY367.swc,0.54112,0.00131,0.0,63988.3346,5508.3544,5508.3544,69496.689,6339.62,5808.9252,0.49,34,13500,13.918,3,0,1121,62
Petersen,TY369,94040,mouse,principal cell|pyramidal|projection,neocortex|somatosensory|barrel|C2|layer 2|primary somatosensory,10.3389/fnana.2018.00033,in vivo,petersen,False,9.212978,0,118,69,3.33,True,0.37,0.12,38934,4672.06,2878.65,3634.58,complete__petersen__TY369.swc,0.570061,8.5e-05,0.0,68202.5192,7402.8742,7402.8742,75605.3934,4672.06,4283.1087,0.37,26,12660,16.064,3,0,119,78
Szucs,L796-ALT-PN,34019,rat,Flattened|Waldeyer|anterolateral-targeting|projection|principal cell,spinal cord|lumbar|lamina I,10.1113/jphysiol.2013.269472,in vitro,szucs,False,1.030769,0,1,96,9.84,True,0.56,0.09,32695,1268.93,2942.51,2548.47,complete__szucs__L796-ALT-PN.swc,0.297592,0.267108,0.0,8171.7309,7927.7997,7927.7997,16099.5305,2942.51,3702.3305,0.56,25,4306,29.196,4,0,2,99
Szucs,L796-LCN,34020,rat,Flattened|Local circuit neuron|interneuron,spinal cord|lumbar|lamina I,10.1113/jphysiol.2013.269472,in vitro,szucs,False,22.201139,0,275,11,5.38,True,0.19,0.07,42450,2971.5,866.27,1390.2,complete__szucs__L796-LCN.swc,0.686715,0.720018,0.0,41497.9937,1869.1831,1869.1831,43367.1768,2971.5,1742.1897,0.19,24,14168,20.5163,4,0,276,15
Turner,ca3b-N2-l51-spliced,191,rat,pyramidal|principal cell,hippocampus|CA3|CA3b,10.1002/cne.903560408,in vivo,turner,False,9.494731,49,1725,43,11.3888,False,1.0,0.25736,17306,4453.9,2351.6,1866.22,complete__turner__ca3b-N2-l51-spliced.swc,0.904577,0.0,9970.1405,172671.5474,8215.8985,18186.039,190857.5864,4453.9,2482.8883,1.0,21,18483,11.9926,30,52,1726,49
Turner,ca3c-N5-l71-spliced,187,rat,pyramidal|principal cell,hippocampus|CA3|CA3c,10.1002/cne.903560408,in vivo,turner,False,56.16897,22,2289,22,3.6,True,1.0,0.2,29573,5914.54,2212.61,4766.19,complete__turner__ca3c-N5-l71-spliced.swc,0.701107,0.195767,3945.7707,468824.6299,4400.913,8346.6837,477171.3137,5914.54,3616.3255,1.0,7,49723,5.7484,11,23,2290,24
Turner,l56b-Dendrite-ca3pv-N4-Axon-spliced,195,rat,pyramidal|principal cell,hippocampus|CA3|posterior/ventral,10.1002/cne.903560408,in vivo,turner,False,10.91877,43,2214,56,8.68,True,1.0,0.16,23551,3768.24,3480.48,1914.0,complete__turner__l56b-Dendrite-ca3pv-N4-Axon-spliced.swc,0.604922,0.138442,13931.4999,299711.3761,13517.6896,27449.1895,327160.5656,3768.24,2522.7797,1.0,34,48546,9.4678,9,45,2215,57
