common_name,scientific_name,kingdom,phylum,class,order,family,genus,mass_g,wild_yr,captive_yr,colonial,quality,note
Human,Homo sapiens,Animalia,Chordata,Mammalia,Primates,Hominidae,Homo,62000,70,122.5,no,A,Wild = pre-industrial adult expectancy at age 15; captive = verified record
Chimpanzee,Pan troglodytes,Animalia,Chordata,Mammalia,Primates,Hominidae,Pan,45000,53,63,no,A,
Bonobo,Pan paniscus,Animalia,Chordata,Mammalia,Primates,Hominidae,Pan,39000,40,55,no,B,
Western gorilla,Gorilla gorilla,Animalia,Chordata,Mammalia,Primates,Hominidae,Gorilla,160000,40,60,no,A,
Bornean orangutan,Pongo pygmaeus,Animalia,Chordata,Mammalia,Primates,Hominidae,Pongo,55000,45,59,no,A,
Siamang,Symphalangus syndactylus,Animalia,Chordata,Mammalia,Primates,Hylobatidae,Symphalangus,11000,30,44,no,B,
Lar gibbon,Hylobates lar,Animalia,Chordata,Mammalia,Primates,Hylobatidae,Hylobates,5500,25,44,no,B,
Rhesus macaque,Macaca mulatta,Animalia,Chordata,Mammalia,Primates,Cercopithecidae,Macaca,8000,30,40,no,A,
Japanese macaque,Macaca fuscata,Animalia,Chordata,Mammalia,Primates,Cercopithecidae,Macaca,11000,28,33,no,B,
Olive baboon,Papio anubis,Animalia,Chordata,Mammalia,Primates,Cercopithecidae,Papio,24000,25,45,no,B,
Mandrill,Mandrillus sphinx,Animalia,Chordata,Mammalia,Primates,Cercopithecidae,Mandrillus,25000,20,46,no,B,
Vervet monkey,Chlorocebus pygerythrus,Animalia,Chordata,Mammalia,Primates,Cercopithecidae,Chlorocebus,4500,16,31,no,B,
Common marmoset,Callithrix jacchus,Animalia,Chordata,Mammalia,Primates,Callitrichidae,Callithrix,320,12,22,no,A,
Capuchin monkey,Sapajus apella,Animalia,Chordata,Mammalia,Primates,Cebidae,Sapajus,3000,25,50,no,B,
Squirrel monkey,Saimiri sciureus,Animalia,Chordata,Mammalia,Primates,Cebidae,Saimiri,800,15,30,no,B,
Ring-tailed lemur,Lemur catta,Animalia,Chordata,Mammalia,Primates,Lemuridae,Lemur,2200,16,33,no,B,
Grey mouse lemur,Microcebus murinus,Animalia,Chordata,Mammalia,Primates,Cheirogaleidae,Microcebus,60,8,18,no,A,
Aye-aye,Daubentonia madagascariensis,Animalia,Chordata,Mammalia,Primates,Daubentoniidae,Daubentonia,2500,20,23,no,B,
Slow loris,Nycticebus coucang,Animalia,Chordata,Mammalia,Primates,Lorisidae,Nycticebus,650,15,26,no,B,
Brandt's bat,Myotis brandtii,Animalia,Chordata,Mammalia,Chiroptera,Vespertilionidae,Myotis,7,41,41,no,A,Highest mass-adjusted lifespan of any mammal
Little brown bat,Myotis lucifugus,Animalia,Chordata,Mammalia,Chiroptera,Vespertilionidae,Myotis,8,34,30,no,A,
Big brown bat,Eptesicus fuscus,Animalia,Chordata,Mammalia,Chiroptera,Vespertilionidae,Eptesicus,18,19,20,no,B,
Greater mouse-eared bat,Myotis myotis,Animalia,Chordata,Mammalia,Chiroptera,Vespertilionidae,Myotis,28,37,37,no,B,
Common pipistrelle,Pipistrellus pipistrellus,Animalia,Chordata,Mammalia,Chiroptera,Vespertilionidae,Pipistrellus,6,16,16,no,B,
Common vampire bat,Desmodus rotundus,Animalia,Chordata,Mammalia,Chiroptera,Phyllostomidae,Desmodus,35,12,29,no,B,
Jamaican fruit bat,Artibeus jamaicensis,Animalia,Chordata,Mammalia,Chiroptera,Phyllostomidae,Artibeus,45,10,20,no,B,
Indian flying fox,Pteropus giganteus,Animalia,Chordata,Mammalia,Chiroptera,Pteropodidae,Pteropus,900,15,31,no,B,
Egyptian fruit bat,Rousettus aegyptiacus,Animalia,Chordata,Mammalia,Chiroptera,Pteropodidae,Rousettus,140,12,25,no,B,
Mexican free-tailed bat,Tadarida brasiliensis,Animalia,Chordata,Mammalia,Chiroptera,Molossidae,Tadarida,12,18,12,no,B,
House mouse,Mus musculus,Animalia,Chordata,Mammalia,Rodentia,Muridae,Mus,20,2,4,no,A,
Brown rat,Rattus norvegicus,Animalia,Chordata,Mammalia,Rodentia,Muridae,Rattus,300,2,4.7,no,A,
White-footed mouse,Peromyscus leucopus,Animalia,Chordata,Mammalia,Rodentia,Cricetidae,Peromyscus,22,3,8.2,no,A,
Golden hamster,Mesocricetus auratus,Animalia,Chordata,Mammalia,Rodentia,Cricetidae,Mesocricetus,120,2,4,no,B,
Meadow vole,Microtus pennsylvanicus,Animalia,Chordata,Mammalia,Rodentia,Cricetidae,Microtus,45,1,3,no,B,
Muskrat,Ondatra zibethicus,Animalia,Chordata,Mammalia,Rodentia,Cricetidae,Ondatra,1200,4,10,no,B,
Guinea pig,Cavia porcellus,Animalia,Chordata,Mammalia,Rodentia,Caviidae,Cavia,800,8,14.8,no,B,
Capybara,Hydrochoerus hydrochaeris,Animalia,Chordata,Mammalia,Rodentia,Caviidae,Hydrochoerus,50000,10,15,no,B,
Patagonian mara,Dolichotis patagonum,Animalia,Chordata,Mammalia,Rodentia,Caviidae,Dolichotis,9000,10,14,no,B,
Eastern grey squirrel,Sciurus carolinensis,Animalia,Chordata,Mammalia,Rodentia,Sciuridae,Sciurus,500,12,20,no,B,
Alpine marmot,Marmota marmota,Animalia,Chordata,Mammalia,Rodentia,Sciuridae,Marmota,4000,15,18,no,B,
Black-tailed prairie dog,Cynomys ludovicianus,Animalia,Chordata,Mammalia,Rodentia,Sciuridae,Cynomys,900,8,12,no,B,
Eastern chipmunk,Tamias striatus,Animalia,Chordata,Mammalia,Rodentia,Sciuridae,Tamias,100,3,8,no,B,
American beaver,Castor canadensis,Animalia,Chordata,Mammalia,Rodentia,Castoridae,Castor,20000,24,24,no,B,
North American porcupine,Erethizon dorsatum,Animalia,Chordata,Mammalia,Rodentia,Erethizontidae,Erethizon,8000,18,23,no,B,
Naked mole-rat,Heterocephalus glaber,Animalia,Chordata,Mammalia,Rodentia,Heterocephalidae,Heterocephalus,35,20,31,no,A,Mortality hazard does not rise with age
Damaraland mole-rat,Fukomys damarensis,Animalia,Chordata,Mammalia,Rodentia,Bathyergidae,Fukomys,130,15,20,no,B,
Chinchilla,Chinchilla lanigera,Animalia,Chordata,Mammalia,Rodentia,Chinchillidae,Chinchilla,500,10,20,no,B,
Crested porcupine,Hystrix cristata,Animalia,Chordata,Mammalia,Rodentia,Hystricidae,Hystrix,20000,15,28,no,B,
Edible dormouse,Glis glis,Animalia,Chordata,Mammalia,Rodentia,Gliridae,Glis,150,12,13,no,B,
European rabbit,Oryctolagus cuniculus,Animalia,Chordata,Mammalia,Lagomorpha,Leporidae,Oryctolagus,1600,9,18,no,B,
European hare,Lepus europaeus,Animalia,Chordata,Mammalia,Lagomorpha,Leporidae,Lepus,4000,12,13,no,B,
Eastern cottontail,Sylvilagus floridanus,Animalia,Chordata,Mammalia,Lagomorpha,Leporidae,Sylvilagus,1200,3,9,no,B,
American pika,Ochotona princeps,Animalia,Chordata,Mammalia,Lagomorpha,Ochotonidae,Ochotona,150,7,7,no,B,
Grey wolf,Canis lupus,Animalia,Chordata,Mammalia,Carnivora,Canidae,Canis,40000,13,20,no,A,
Domestic dog,Canis familiaris,Animalia,Chordata,Mammalia,Carnivora,Canidae,Canis,30000,7,29.5,no,A,Wild = feral; captive record Bluey
Red fox,Vulpes vulpes,Animalia,Chordata,Mammalia,Carnivora,Canidae,Vulpes,6000,9,21,no,B,
Arctic fox,Vulpes lagopus,Animalia,Chordata,Mammalia,Carnivora,Canidae,Vulpes,3500,6,16,no,B,
African wild dog,Lycaon pictus,Animalia,Chordata,Mammalia,Carnivora,Canidae,Lycaon,25000,11,17,no,B,
Domestic cat,Felis catus,Animalia,Chordata,Mammalia,Carnivora,Felidae,Felis,4500,5,38,no,A,Wild = feral; captive record Creme Puff
Lion,Panthera leo,Animalia,Chordata,Mammalia,Carnivora,Felidae,Panthera,175000,16,30,no,A,
Tiger,Panthera tigris,Animalia,Chordata,Mammalia,Carnivora,Felidae,Panthera,200000,16,26,no,A,
Leopard,Panthera pardus,Animalia,Chordata,Mammalia,Carnivora,Felidae,Panthera,60000,17,27,no,B,
Snow leopard,Panthera uncia,Animalia,Chordata,Mammalia,Carnivora,Felidae,Panthera,40000,15,25,no,B,
Jaguar,Panthera onca,Animalia,Chordata,Mammalia,Carnivora,Felidae,Panthera,85000,15,32,no,B,
Cheetah,Acinonyx jubatus,Animalia,Chordata,Mammalia,Carnivora,Felidae,Acinonyx,50000,12,20,no,B,
Cougar,Puma concolor,Animalia,Chordata,Mammalia,Carnivora,Felidae,Puma,60000,13,21,no,B,
Eurasian lynx,Lynx lynx,Animalia,Chordata,Mammalia,Carnivora,Felidae,Lynx,22000,17,24,no,B,
Brown bear,Ursus arctos,Animalia,Chordata,Mammalia,Carnivora,Ursidae,Ursus,250000,33,45,no,A,
Polar bear,Ursus maritimus,Animalia,Chordata,Mammalia,Carnivora,Ursidae,Ursus,400000,32,43,no,A,
American black bear,Ursus americanus,Animalia,Chordata,Mammalia,Carnivora,Ursidae,Ursus,120000,31,44,no,B,
Giant panda,Ailuropoda melanoleuca,Animalia,Chordata,Mammalia,Carnivora,Ursidae,Ailuropoda,100000,20,38,no,A,
Stoat,Mustela erminea,Animalia,Chordata,Mammalia,Carnivora,Mustelidae,Mustela,200,4,10,no,B,
European badger,Meles meles,Animalia,Chordata,Mammalia,Carnivora,Mustelidae,Meles,11000,14,19,no,B,
Sea otter,Enhydra lutris,Animalia,Chordata,Mammalia,Carnivora,Mustelidae,Enhydra,30000,23,28,no,B,
Wolverine,Gulo gulo,Animalia,Chordata,Mammalia,Carnivora,Mustelidae,Gulo,14000,13,18,no,B,
Common raccoon,Procyon lotor,Animalia,Chordata,Mammalia,Carnivora,Procyonidae,Procyon,6000,16,20,no,B,
Meerkat,Suricata suricatta,Animalia,Chordata,Mammalia,Carnivora,Herpestidae,Suricata,730,12,16,no,B,
Spotted hyena,Crocuta crocuta,Animalia,Chordata,Mammalia,Carnivora,Hyaenidae,Crocuta,55000,20,41,no,B,
California sea lion,Zalophus californianus,Animalia,Chordata,Mammalia,Carnivora,Otariidae,Zalophus,150000,25,31,no,B,
Harbor seal,Phoca vitulina,Animalia,Chordata,Mammalia,Carnivora,Phocidae,Phoca,80000,35,35,no,B,
Grey seal,Halichoerus grypus,Animalia,Chordata,Mammalia,Carnivora,Phocidae,Halichoerus,200000,46,41,no,B,
Northern elephant seal,Mirounga angustirostris,Animalia,Chordata,Mammalia,Carnivora,Phocidae,Mirounga,2000000,23,25,no,B,
Walrus,Odobenus rosmarus,Animalia,Chordata,Mammalia,Carnivora,Odobenidae,Odobenus,1000000,40,40,no,B,
Bowhead whale,Balaena mysticetus,Animalia,Chordata,Mammalia,Artiodactyla,Balaenidae,Balaena,80000000,211,,no,A,Aspartic acid racemisation and recovered harpoon points
North Atlantic right whale,Eubalaena glacialis,Animalia,Chordata,Mammalia,Artiodactyla,Balaenidae,Eubalaena,60000000,70,,no,B,
Blue whale,Balaenoptera musculus,Animalia,Chordata,Mammalia,Artiodactyla,Balaenopteridae,Balaenoptera,150000000,90,,no,B,Earplug lamina counts
Fin whale,Balaenoptera physalus,Animalia,Chordata,Mammalia,Artiodactyla,Balaenopteridae,Balaenoptera,70000000,94,,no,B,
Humpback whale,Megaptera novaeangliae,Animalia,Chordata,Mammalia,Artiodactyla,Balaenopteridae,Megaptera,30000000,95,,no,B,
Sperm whale,Physeter macrocephalus,Animalia,Chordata,Mammalia,Artiodactyla,Physeteridae,Physeter,30000000,77,,no,B,
Killer whale,Orcinus orca,Animalia,Chordata,Mammalia,Artiodactyla,Delphinidae,Orcinus,5000000,90,50,no,A,Wild maximum is female; captive maxima markedly lower
Bottlenose dolphin,Tursiops truncatus,Animalia,Chordata,Mammalia,Artiodactyla,Delphinidae,Tursiops,250000,50,51,no,A,
Long-finned pilot whale,Globicephala melas,Animalia,Chordata,Mammalia,Artiodactyla,Delphinidae,Globicephala,1800000,59,35,no,B,
Beluga,Delphinapterus leucas,Animalia,Chordata,Mammalia,Artiodactyla,Monodontidae,Delphinapterus,1500000,70,40,no,B,
Narwhal,Monodon monoceros,Animalia,Chordata,Mammalia,Artiodactyla,Monodontidae,Monodon,1600000,115,,no,B,
Harbour porpoise,Phocoena phocoena,Animalia,Chordata,Mammalia,Artiodactyla,Phocoenidae,Phocoena,55000,24,20,no,B,
Domestic cattle,Bos taurus,Animalia,Chordata,Mammalia,Artiodactyla,Bovidae,Bos,750000,,30,no,B,
American bison,Bison bison,Animalia,Chordata,Mammalia,Artiodactyla,Bovidae,Bison,700000,20,33,no,B,
Domestic sheep,Ovis aries,Animalia,Chordata,Mammalia,Artiodactyla,Bovidae,Ovis,60000,,22,no,B,
Domestic goat,Capra hircus,Animalia,Chordata,Mammalia,Artiodactyla,Bovidae,Capra,55000,,22,no,B,
African buffalo,Syncerus caffer,Animalia,Chordata,Mammalia,Artiodactyla,Bovidae,Syncerus,600000,22,29,no,B,
Blue wildebeest,Connochaetes taurinus,Animalia,Chordata,Mammalia,Artiodactyla,Bovidae,Connochaetes,200000,20,24,no,B,
Gemsbok,Oryx gazella,Animalia,Chordata,Mammalia,Artiodactyla,Bovidae,Oryx,200000,18,20,no,B,
Red deer,Cervus elaphus,Animalia,Chordata,Mammalia,Artiodactyla,Cervidae,Cervus,200000,20,27,no,B,
White-tailed deer,Odocoileus virginianus,Animalia,Chordata,Mammalia,Artiodactyla,Cervidae,Odocoileus,70000,16,23,no,B,
Moose,Alces alces,Animalia,Chordata,Mammalia,Artiodactyla,Cervidae,Alces,450000,22,27,no,B,
Reindeer,Rangifer tarandus,Animalia,Chordata,Mammalia,Artiodactyla,Cervidae,Rangifer,120000,17,20,no,B,
Giraffe,Giraffa camelopardalis,Animalia,Chordata,Mammalia,Artiodactyla,Giraffidae,Giraffa,1200000,27,39,no,A,
Okapi,Okapia johnstoni,Animalia,Chordata,Mammalia,Artiodactyla,Giraffidae,Okapia,250000,20,33,no,B,
Hippopotamus,Hippopotamus amphibius,Animalia,Chordata,Mammalia,Artiodactyla,Hippopotamidae,Hippopotamus,1500000,40,61,no,A,
Domestic pig,Sus scrofa,Animalia,Chordata,Mammalia,Artiodactyla,Suidae,Sus,100000,8,27,no,B,
Warthog,Phacochoerus africanus,Animalia,Chordata,Mammalia,Artiodactyla,Suidae,Phacochoerus,70000,15,21,no,B,
Bactrian camel,Camelus bactrianus,Animalia,Chordata,Mammalia,Artiodactyla,Camelidae,Camelus,500000,40,40,no,B,
Llama,Lama glama,Animalia,Chordata,Mammalia,Artiodactyla,Camelidae,Lama,140000,,28,no,B,
Pronghorn,Antilocapra americana,Animalia,Chordata,Mammalia,Artiodactyla,Antilocapridae,Antilocapra,50000,12,15,no,B,
Horse,Equus caballus,Animalia,Chordata,Mammalia,Perissodactyla,Equidae,Equus,500000,25,62,no,A,Wild = feral; captive record Old Billy
Plains zebra,Equus quagga,Animalia,Chordata,Mammalia,Perissodactyla,Equidae,Equus,300000,20,40,no,B,
Donkey,Equus asinus,Animalia,Chordata,Mammalia,Perissodactyla,Equidae,Equus,200000,,54,no,B,
White rhinoceros,Ceratotherium simum,Animalia,Chordata,Mammalia,Perissodactyla,Rhinocerotidae,Ceratotherium,2300000,40,50,no,B,
Black rhinoceros,Diceros bicornis,Animalia,Chordata,Mammalia,Perissodactyla,Rhinocerotidae,Diceros,1000000,35,45,no,B,
Brazilian tapir,Tapirus terrestris,Animalia,Chordata,Mammalia,Perissodactyla,Tapiridae,Tapirus,225000,25,35,no,B,
African bush elephant,Loxodonta africana,Animalia,Chordata,Mammalia,Proboscidea,Elephantidae,Loxodonta,4000000,65,80,no,A,Median zoo lifespan far below wild median
Asian elephant,Elephas maximus,Animalia,Chordata,Mammalia,Proboscidea,Elephantidae,Elephas,3000000,60,86,no,A,
West Indian manatee,Trichechus manatus,Animalia,Chordata,Mammalia,Sirenia,Trichechidae,Trichechus,500000,59,69,no,A,Captive record Snooty
Dugong,Dugong dugon,Animalia,Chordata,Mammalia,Sirenia,Dugongidae,Dugong,300000,73,,no,B,
Common shrew,Sorex araneus,Animalia,Chordata,Mammalia,Eulipotyphla,Soricidae,Sorex,9,1.2,2,no,A,Among the shortest-lived mammals
Northern short-tailed shrew,Blarina brevicauda,Animalia,Chordata,Mammalia,Eulipotyphla,Soricidae,Blarina,20,1.5,3,no,B,
European hedgehog,Erinaceus europaeus,Animalia,Chordata,Mammalia,Eulipotyphla,Erinaceidae,Erinaceus,800,7,11,no,B,
Star-nosed mole,Condylura cristata,Animalia,Chordata,Mammalia,Eulipotyphla,Talpidae,Condylura,55,3,3.5,no,C,
European mole,Talpa europaea,Animalia,Chordata,Mammalia,Eulipotyphla,Talpidae,Talpa,100,3,6,no,B,
Nine-banded armadillo,Dasypus novemcinctus,Animalia,Chordata,Mammalia,Cingulata,Dasypodidae,Dasypus,4500,12,15,no,B,
Linnaeus's two-toed sloth,Choloepus didactylus,Animalia,Chordata,Mammalia,Pilosa,Choloepodidae,Choloepus,6000,20,41,no,B,Captive record Paula
Brown-throated sloth,Bradypus variegatus,Animalia,Chordata,Mammalia,Pilosa,Bradypodidae,Bradypus,4000,20,32,no,B,
Giant anteater,Myrmecophaga tridactyla,Animalia,Chordata,Mammalia,Pilosa,Myrmecophagidae,Myrmecophaga,35000,15,26,no,B,
Aardvark,Orycteropus afer,Animalia,Chordata,Mammalia,Tubulidentata,Orycteropodidae,Orycteropus,60000,18,24,no,C,
Rock hyrax,Procavia capensis,Animalia,Chordata,Mammalia,Hyracoidea,Procaviidae,Procavia,4000,12,15,no,B,
Platypus,Ornithorhynchus anatinus,Animalia,Chordata,Mammalia,Monotremata,Ornithorhynchidae,Ornithorhynchus,1700,21,23,no,B,
Short-beaked echidna,Tachyglossus aculeatus,Animalia,Chordata,Mammalia,Monotremata,Tachyglossidae,Tachyglossus,4500,45,50,no,A,
Koala,Phascolarctos cinereus,Animalia,Chordata,Mammalia,Diprotodontia,Phascolarctidae,Phascolarctos,8000,18,20,no,B,
Red kangaroo,Osphranter rufus,Animalia,Chordata,Mammalia,Diprotodontia,Macropodidae,Osphranter,55000,22,25,no,B,
Common wombat,Vombatus ursinus,Animalia,Chordata,Mammalia,Diprotodontia,Vombatidae,Vombatus,26000,15,34,no,B,
Sugar glider,Petaurus breviceps,Animalia,Chordata,Mammalia,Diprotodontia,Petauridae,Petaurus,130,9,17,no,B,
Virginia opossum,Didelphis virginiana,Animalia,Chordata,Mammalia,Didelphimorphia,Didelphidae,Didelphis,3000,3,6,no,A,Classic short-lived high-predation life history
Grey short-tailed opossum,Monodelphis domestica,Animalia,Chordata,Mammalia,Didelphimorphia,Didelphidae,Monodelphis,100,2,4,no,A,
Tasmanian devil,Sarcophilus harrisii,Animalia,Chordata,Mammalia,Dasyuromorphia,Dasyuridae,Sarcophilus,8000,6,8,no,B,
Common treeshrew,Tupaia glis,Animalia,Chordata,Mammalia,Scandentia,Tupaiidae,Tupaia,150,7,12,no,B,
Tailless tenrec,Tenrec ecaudatus,Animalia,Chordata,Mammalia,Afrosoricida,Tenrecidae,Tenrec,900,5,10,no,B,
Chinese pangolin,Manis pentadactyla,Animalia,Chordata,Mammalia,Pholidota,Manidae,Manis,4000,12,19,no,C,
Ostrich,Struthio camelus,Animalia,Chordata,Aves,Struthioniformes,Struthionidae,Struthio,120000,30,62,no,B,
Emu,Dromaius novaehollandiae,Animalia,Chordata,Aves,Casuariiformes,Dromaiidae,Dromaius,40000,20,35,no,B,
Southern cassowary,Casuarius casuarius,Animalia,Chordata,Aves,Casuariiformes,Casuariidae,Casuarius,45000,20,40,no,B,
Greater rhea,Rhea americana,Animalia,Chordata,Aves,Rheiformes,Rheidae,Rhea,25000,15,30,no,B,
Brown kiwi,Apteryx mantelli,Animalia,Chordata,Aves,Apterygiformes,Apterygidae,Apteryx,2200,35,35,no,B,
Emperor penguin,Aptenodytes forsteri,Animalia,Chordata,Aves,Sphenisciformes,Spheniscidae,Aptenodytes,30000,25,35,no,B,
Adelie penguin,Pygoscelis adeliae,Animalia,Chordata,Aves,Sphenisciformes,Spheniscidae,Pygoscelis,4500,20,25,no,B,
African penguin,Spheniscus demersus,Animalia,Chordata,Aves,Sphenisciformes,Spheniscidae,Spheniscus,3100,27,40,no,B,
Little penguin,Eudyptula minor,Animalia,Chordata,Aves,Sphenisciformes,Spheniscidae,Eudyptula,1100,21,25,no,B,
Laysan albatross,Phoebastria immutabilis,Animalia,Chordata,Aves,Procellariiformes,Diomedeidae,Phoebastria,3100,74,,no,A,Wisdom banded 1956 and still breeding
Wandering albatross,Diomedea exulans,Animalia,Chordata,Aves,Procellariiformes,Diomedeidae,Diomedea,8500,50,,no,B,
Northern fulmar,Fulmarus glacialis,Animalia,Chordata,Aves,Procellariiformes,Procellariidae,Fulmarus,800,51,,no,A,
European storm petrel,Hydrobates pelagicus,Animalia,Chordata,Aves,Procellariiformes,Hydrobatidae,Hydrobates,28,33,,no,A,Extreme lifespan for a 28 gram bird
Manx shearwater,Puffinus puffinus,Animalia,Chordata,Aves,Procellariiformes,Procellariidae,Puffinus,420,55,,no,A,
Greater flamingo,Phoenicopterus roseus,Animalia,Chordata,Aves,Phoenicopteriformes,Phoenicopteridae,Phoenicopterus,3000,40,83,no,A,Captive record Greater at Adelaide Zoo
Mute swan,Cygnus olor,Animalia,Chordata,Aves,Anseriformes,Anatidae,Cygnus,11000,27,30,no,B,
Canada goose,Branta canadensis,Animalia,Chordata,Aves,Anseriformes,Anatidae,Branta,4500,33,33,no,B,
Mallard,Anas platyrhynchos,Animalia,Chordata,Aves,Anseriformes,Anatidae,Anas,1100,29,29,no,B,
Wood duck,Aix sponsa,Animalia,Chordata,Aves,Anseriformes,Anatidae,Aix,680,22,15,no,B,
Common eider,Somateria mollissima,Animalia,Chordata,Aves,Anseriformes,Anatidae,Somateria,2200,36,,no,B,
Chicken,Gallus gallus domesticus,Animalia,Chordata,Aves,Galliformes,Phasianidae,Gallus,2000,8,16,no,B,
Wild turkey,Meleagris gallopavo,Animalia,Chordata,Aves,Galliformes,Phasianidae,Meleagris,7000,13,15,no,B,
Indian peafowl,Pavo cristatus,Animalia,Chordata,Aves,Galliformes,Phasianidae,Pavo,4500,20,23,no,B,
Common pheasant,Phasianus colchicus,Animalia,Chordata,Aves,Galliformes,Phasianidae,Phasianus,1200,7,18,no,B,
Japanese quail,Coturnix japonica,Animalia,Chordata,Aves,Galliformes,Phasianidae,Coturnix,100,3,6,no,A,
Bald eagle,Haliaeetus leucocephalus,Animalia,Chordata,Aves,Accipitriformes,Accipitridae,Haliaeetus,4500,38,50,no,A,
Golden eagle,Aquila chrysaetos,Animalia,Chordata,Aves,Accipitriformes,Accipitridae,Aquila,4500,32,46,no,A,
Red-tailed hawk,Buteo jamaicensis,Animalia,Chordata,Aves,Accipitriformes,Accipitridae,Buteo,1100,30,29,no,B,
Griffon vulture,Gyps fulvus,Animalia,Chordata,Aves,Accipitriformes,Accipitridae,Gyps,8000,37,41,no,B,
Andean condor,Vultur gryphus,Animalia,Chordata,Aves,Accipitriformes,Cathartidae,Vultur,11000,50,79,no,A,
California condor,Gymnogyps californianus,Animalia,Chordata,Aves,Accipitriformes,Cathartidae,Gymnogyps,9000,45,60,no,B,
Turkey vulture,Cathartes aura,Animalia,Chordata,Aves,Accipitriformes,Cathartidae,Cathartes,2000,17,30,no,B,
Peregrine falcon,Falco peregrinus,Animalia,Chordata,Aves,Falconiformes,Falconidae,Falco,900,20,25,no,B,
American kestrel,Falco sparverius,Animalia,Chordata,Aves,Falconiformes,Falconidae,Falco,120,11,17,no,B,
Great horned owl,Bubo virginianus,Animalia,Chordata,Aves,Strigiformes,Strigidae,Bubo,1400,28,38,no,B,
Eurasian eagle-owl,Bubo bubo,Animalia,Chordata,Aves,Strigiformes,Strigidae,Bubo,2800,20,68,no,B,
Tawny owl,Strix aluco,Animalia,Chordata,Aves,Strigiformes,Strigidae,Strix,450,22,27,no,B,
Little owl,Athene noctua,Animalia,Chordata,Aves,Strigiformes,Strigidae,Athene,170,15,18,no,B,
Barn owl,Tyto alba,Animalia,Chordata,Aves,Strigiformes,Tytonidae,Tyto,460,15,25,no,B,
Grey parrot,Psittacus erithacus,Animalia,Chordata,Aves,Psittaciformes,Psittacidae,Psittacus,400,23,60,no,A,
Scarlet macaw,Ara macao,Animalia,Chordata,Aves,Psittaciformes,Psittacidae,Ara,1000,40,64,no,B,
Blue-and-yellow macaw,Ara ararauna,Animalia,Chordata,Aves,Psittaciformes,Psittacidae,Ara,1100,35,62,no,B,
Amazon parrot,Amazona amazonica,Animalia,Chordata,Aves,Psittaciformes,Psittacidae,Amazona,400,25,71,no,B,
Sulphur-crested cockatoo,Cacatua galerita,Animalia,Chordata,Aves,Psittaciformes,Cacatuidae,Cacatua,900,40,83,no,A,Cocky Bennett claims of 120 are unverified
Cockatiel,Nymphicus hollandicus,Animalia,Chordata,Aves,Psittaciformes,Cacatuidae,Nymphicus,90,10,36,no,B,
Budgerigar,Melopsittacus undulatus,Animalia,Chordata,Aves,Psittaciformes,Psittaculidae,Melopsittacus,35,6,21,no,B,
Kakapo,Strigops habroptilus,Animalia,Chordata,Aves,Psittaciformes,Strigopidae,Strigops,2000,60,,no,B,
Rock pigeon,Columba livia,Animalia,Chordata,Aves,Columbiformes,Columbidae,Columba,350,6,24,no,B,
Mourning dove,Zenaida macroura,Animalia,Chordata,Aves,Columbiformes,Columbidae,Zenaida,120,31,,no,B,
Eurasian collared dove,Streptopelia decaocto,Animalia,Chordata,Aves,Columbiformes,Columbidae,Streptopelia,200,17,,no,B,
Common raven,Corvus corax,Animalia,Chordata,Aves,Passeriformes,Corvidae,Corvus,1200,23,44,no,A,
American crow,Corvus brachyrhynchos,Animalia,Chordata,Aves,Passeriformes,Corvidae,Corvus,450,17,30,no,B,
Eurasian magpie,Pica pica,Animalia,Chordata,Aves,Passeriformes,Corvidae,Pica,220,21,15,no,B,
Blue jay,Cyanocitta cristata,Animalia,Chordata,Aves,Passeriformes,Corvidae,Cyanocitta,85,17,26,no,B,
American robin,Turdus migratorius,Animalia,Chordata,Aves,Passeriformes,Turdidae,Turdus,77,14,17,no,B,
Common blackbird,Turdus merula,Animalia,Chordata,Aves,Passeriformes,Turdidae,Turdus,100,21,20,no,B,
House sparrow,Passer domesticus,Animalia,Chordata,Aves,Passeriformes,Passeridae,Passer,28,13,20,no,B,
Barn swallow,Hirundo rustica,Animalia,Chordata,Aves,Passeriformes,Hirundinidae,Hirundo,19,11,,no,B,
Great tit,Parus major,Animalia,Chordata,Aves,Passeriformes,Paridae,Parus,18,15,,no,A,
Black-capped chickadee,Poecile atricapillus,Animalia,Chordata,Aves,Passeriformes,Paridae,Poecile,11,12,,no,B,
European starling,Sturnus vulgaris,Animalia,Chordata,Aves,Passeriformes,Sturnidae,Sturnus,80,15,20,no,B,
Zebra finch,Taeniopygia guttata,Animalia,Chordata,Aves,Passeriformes,Estrildidae,Taeniopygia,12,5,14.5,no,A,
Canary,Serinus canaria,Animalia,Chordata,Aves,Passeriformes,Fringillidae,Serinus,20,10,24,no,B,
Song sparrow,Melospiza melodia,Animalia,Chordata,Aves,Passeriformes,Passerellidae,Melospiza,22,11,,no,B,
Red-winged blackbird,Agelaius phoeniceus,Animalia,Chordata,Aves,Passeriformes,Icteridae,Agelaius,64,16,,no,B,
European robin,Erithacus rubecula,Animalia,Chordata,Aves,Passeriformes,Muscicapidae,Erithacus,18,13,,no,B,
Ruby-throated hummingbird,Archilochus colubris,Animalia,Chordata,Aves,Apodiformes,Trochilidae,Archilochus,3.2,9,12,no,B,
Anna's hummingbird,Calypte anna,Animalia,Chordata,Aves,Apodiformes,Trochilidae,Calypte,4.3,8,,no,B,
Common swift,Apus apus,Animalia,Chordata,Aves,Apodiformes,Apodidae,Apus,42,21,,no,A,
Sandhill crane,Antigone canadensis,Animalia,Chordata,Aves,Gruiformes,Gruidae,Antigone,4500,25,37,no,B,
Common crane,Grus grus,Animalia,Chordata,Aves,Gruiformes,Gruidae,Grus,5500,30,43,no,B,
Eurasian coot,Fulica atra,Animalia,Chordata,Aves,Gruiformes,Rallidae,Fulica,800,18,,no,B,
Herring gull,Larus argentatus,Animalia,Chordata,Aves,Charadriiformes,Laridae,Larus,1100,49,44,no,A,
Arctic tern,Sterna paradisaea,Animalia,Chordata,Aves,Charadriiformes,Laridae,Sterna,110,34,,no,A,
Atlantic puffin,Fratercula arctica,Animalia,Chordata,Aves,Charadriiformes,Alcidae,Fratercula,400,41,,no,A,
Common guillemot,Uria aalge,Animalia,Chordata,Aves,Charadriiformes,Alcidae,Uria,1000,43,,no,B,
Bar-tailed godwit,Limosa lapponica,Animalia,Chordata,Aves,Charadriiformes,Scolopacidae,Limosa,300,33,,no,B,
Sanderling,Calidris alba,Animalia,Chordata,Aves,Charadriiformes,Scolopacidae,Calidris,55,13,,no,B,
Great white pelican,Pelecanus onocrotalus,Animalia,Chordata,Aves,Pelecaniformes,Pelecanidae,Pelecanus,10000,25,54,no,B,
Grey heron,Ardea cinerea,Animalia,Chordata,Aves,Pelecaniformes,Ardeidae,Ardea,1500,23,25,no,B,
Northern gannet,Morus bassanus,Animalia,Chordata,Aves,Suliformes,Sulidae,Morus,3000,37,,no,B,
Great cormorant,Phalacrocorax carbo,Animalia,Chordata,Aves,Suliformes,Phalacrocoracidae,Phalacrocorax,2500,23,,no,B,
Great frigatebird,Fregata minor,Animalia,Chordata,Aves,Suliformes,Fregatidae,Fregata,1200,44,,no,B,
White stork,Ciconia ciconia,Animalia,Chordata,Aves,Ciconiiformes,Ciconiidae,Ciconia,3400,39,35,no,B,
Downy woodpecker,Dryobates pubescens,Animalia,Chordata,Aves,Piciformes,Picidae,Dryobates,27,12,,no,B,
Toco toucan,Ramphastos toco,Animalia,Chordata,Aves,Piciformes,Ramphastidae,Ramphastos,600,20,26,no,B,
Belted kingfisher,Megaceryle alcyon,Animalia,Chordata,Aves,Coraciiformes,Alcedinidae,Megaceryle,150,6,,no,B,
Great hornbill,Buceros bicornis,Animalia,Chordata,Aves,Bucerotiformes,Bucerotidae,Buceros,3000,35,50,no,B,
Common cuckoo,Cuculus canorus,Animalia,Chordata,Aves,Cuculiformes,Cuculidae,Cuculus,115,13,,no,B,
Aldabra giant tortoise,Aldabrachelys gigantea,Animalia,Chordata,Reptilia,Testudines,Testudinidae,Aldabrachelys,250000,150,190,no,A,Jonathan on St Helena hatched about 1832
Galapagos tortoise,Chelonoidis niger,Animalia,Chordata,Reptilia,Testudines,Testudinidae,Chelonoidis,250000,120,177,no,A,Captive record Harriet
Greek tortoise,Testudo graeca,Animalia,Chordata,Reptilia,Testudines,Testudinidae,Testudo,1200,50,127,no,B,
Hermann's tortoise,Testudo hermanni,Animalia,Chordata,Reptilia,Testudines,Testudinidae,Testudo,1500,40,90,no,B,
Desert tortoise,Gopherus agassizii,Animalia,Chordata,Reptilia,Testudines,Testudinidae,Gopherus,4000,50,80,no,B,
Leopard tortoise,Stigmochelys pardalis,Animalia,Chordata,Reptilia,Testudines,Testudinidae,Stigmochelys,13000,50,75,no,B,
Eastern box turtle,Terrapene carolina,Animalia,Chordata,Reptilia,Testudines,Emydidae,Terrapene,400,50,100,no,B,
Painted turtle,Chrysemys picta,Animalia,Chordata,Reptilia,Testudines,Emydidae,Chrysemys,400,55,40,no,B,
Red-eared slider,Trachemys scripta,Animalia,Chordata,Reptilia,Testudines,Emydidae,Trachemys,1500,30,41,no,B,
Blanding's turtle,Emydoidea blandingii,Animalia,Chordata,Reptilia,Testudines,Emydidae,Emydoidea,1000,83,,no,A,Negligible senescence reported in long-term field study
Green sea turtle,Chelonia mydas,Animalia,Chordata,Reptilia,Testudines,Cheloniidae,Chelonia,150000,75,50,no,B,
Loggerhead sea turtle,Caretta caretta,Animalia,Chordata,Reptilia,Testudines,Cheloniidae,Caretta,110000,67,33,no,B,
Leatherback sea turtle,Dermochelys coriacea,Animalia,Chordata,Reptilia,Testudines,Dermochelyidae,Dermochelys,400000,45,,no,C,
Common snapping turtle,Chelydra serpentina,Animalia,Chordata,Reptilia,Testudines,Chelydridae,Chelydra,10000,47,47,no,B,
Alligator snapping turtle,Macrochelys temminckii,Animalia,Chordata,Reptilia,Testudines,Chelydridae,Macrochelys,80000,45,70,no,B,
American alligator,Alligator mississippiensis,Animalia,Chordata,Reptilia,Crocodilia,Alligatoridae,Alligator,200000,50,77,no,A,Captive record Muja in Belgrade
Spectacled caiman,Caiman crocodilus,Animalia,Chordata,Reptilia,Crocodilia,Alligatoridae,Caiman,40000,30,60,no,B,
Nile crocodile,Crocodylus niloticus,Animalia,Chordata,Reptilia,Crocodilia,Crocodylidae,Crocodylus,220000,45,80,no,B,
Saltwater crocodile,Crocodylus porosus,Animalia,Chordata,Reptilia,Crocodilia,Crocodylidae,Crocodylus,450000,70,,no,B,
Gharial,Gavialis gangeticus,Animalia,Chordata,Reptilia,Crocodilia,Gavialidae,Gavialis,160000,40,60,no,C,
Tuatara,Sphenodon punctatus,Animalia,Chordata,Reptilia,Rhynchocephalia,Sphenodontidae,Sphenodon,700,90,100,no,A,Extremely slow metabolism and growth
Ball python,Python regius,Animalia,Chordata,Reptilia,Squamata,Pythonidae,Python,1500,15,47,no,A,
Burmese python,Python bivittatus,Animalia,Chordata,Reptilia,Squamata,Pythonidae,Python,50000,20,28,no,B,
Boa constrictor,Boa constrictor,Animalia,Chordata,Reptilia,Squamata,Boidae,Boa,20000,20,40,no,B,
Green anaconda,Eunectes murinus,Animalia,Chordata,Reptilia,Squamata,Boidae,Eunectes,45000,15,30,no,B,
Corn snake,Pantherophis guttatus,Animalia,Chordata,Reptilia,Squamata,Colubridae,Pantherophis,800,8,32,no,B,
Common garter snake,Thamnophis sirtalis,Animalia,Chordata,Reptilia,Squamata,Colubridae,Thamnophis,150,6,18,no,B,
Eastern kingsnake,Lampropeltis getula,Animalia,Chordata,Reptilia,Squamata,Colubridae,Lampropeltis,700,15,33,no,B,
Western diamondback rattlesnake,Crotalus atrox,Animalia,Chordata,Reptilia,Squamata,Viperidae,Crotalus,1800,20,28,no,B,
European adder,Vipera berus,Animalia,Chordata,Reptilia,Squamata,Viperidae,Vipera,120,15,22,no,B,
Gaboon viper,Bitis gabonica,Animalia,Chordata,Reptilia,Squamata,Viperidae,Bitis,8000,15,25,no,B,
King cobra,Ophiophagus hannah,Animalia,Chordata,Reptilia,Squamata,Elapidae,Ophiophagus,6000,20,22,no,B,
Indian cobra,Naja naja,Animalia,Chordata,Reptilia,Squamata,Elapidae,Naja,2000,20,29,no,B,
Komodo dragon,Varanus komodoensis,Animalia,Chordata,Reptilia,Squamata,Varanidae,Varanus,70000,30,32,no,B,
Nile monitor,Varanus niloticus,Animalia,Chordata,Reptilia,Squamata,Varanidae,Varanus,6000,15,20,no,B,
Green iguana,Iguana iguana,Animalia,Chordata,Reptilia,Squamata,Iguanidae,Iguana,4000,12,20,no,B,
Rhinoceros iguana,Cyclura cornuta,Animalia,Chordata,Reptilia,Squamata,Iguanidae,Cyclura,4500,20,40,no,B,
Central bearded dragon,Pogona vitticeps,Animalia,Chordata,Reptilia,Squamata,Agamidae,Pogona,400,8,18,no,B,
Leopard gecko,Eublepharis macularius,Animalia,Chordata,Reptilia,Squamata,Eublepharidae,Eublepharis,60,10,28,no,B,
Tokay gecko,Gekko gecko,Animalia,Chordata,Reptilia,Squamata,Gekkonidae,Gekko,150,10,18,no,B,
Veiled chameleon,Chamaeleo calyptratus,Animalia,Chordata,Reptilia,Squamata,Chamaeleonidae,Chamaeleo,150,5,9,no,B,
Labord's chameleon,Furcifer labordi,Animalia,Chordata,Reptilia,Squamata,Chamaeleonidae,Furcifer,25,0.6,1,no,A,Shortest lifespan of any tetrapod; most of life spent as an egg
Blue-tongued skink,Tiliqua scincoides,Animalia,Chordata,Reptilia,Squamata,Scincidae,Tiliqua,500,20,32,no,B,
Gila monster,Heloderma suspectum,Animalia,Chordata,Reptilia,Squamata,Helodermatidae,Heloderma,600,20,36,no,B,
Slow worm,Anguis fragilis,Animalia,Chordata,Reptilia,Squamata,Anguidae,Anguis,25,30,54,no,B,
Olm,Proteus anguinus,Animalia,Chordata,Amphibia,Urodela,Proteidae,Proteus,20,68,100,no,A,Cave salamander; exceptional for its mass
Common mudpuppy,Necturus maculosus,Animalia,Chordata,Amphibia,Urodela,Proteidae,Necturus,200,11,34,no,B,
Japanese giant salamander,Andrias japonicus,Animalia,Chordata,Amphibia,Urodela,Cryptobranchidae,Andrias,25000,55,52,no,B,
Hellbender,Cryptobranchus alleganiensis,Animalia,Chordata,Amphibia,Urodela,Cryptobranchidae,Cryptobranchus,400,30,29,no,B,
Fire salamander,Salamandra salamandra,Animalia,Chordata,Amphibia,Urodela,Salamandridae,Salamandra,40,20,50,no,B,
Smooth newt,Lissotriton vulgaris,Animalia,Chordata,Amphibia,Urodela,Salamandridae,Lissotriton,4,6,20,no,B,
Eastern newt,Notophthalmus viridescens,Animalia,Chordata,Amphibia,Urodela,Salamandridae,Notophthalmus,5,12,15,no,B,
Axolotl,Ambystoma mexicanum,Animalia,Chordata,Amphibia,Urodela,Ambystomatidae,Ambystoma,100,15,25,no,B,
Tiger salamander,Ambystoma tigrinum,Animalia,Chordata,Amphibia,Urodela,Ambystomatidae,Ambystoma,120,16,25,no,B,
Red-backed salamander,Plethodon cinereus,Animalia,Chordata,Amphibia,Urodela,Plethodontidae,Plethodon,1,25,,no,B,
Two-toed amphiuma,Amphiuma means,Animalia,Chordata,Amphibia,Urodela,Amphiumidae,Amphiuma,500,27,27,no,B,
Greater siren,Siren lacertina,Animalia,Chordata,Amphibia,Urodela,Sirenidae,Siren,400,25,25,no,C,
American bullfrog,Lithobates catesbeianus,Animalia,Chordata,Amphibia,Anura,Ranidae,Lithobates,500,8,16,no,B,
Common frog,Rana temporaria,Animalia,Chordata,Amphibia,Anura,Ranidae,Rana,30,10,12,no,B,
Cane toad,Rhinella marina,Animalia,Chordata,Amphibia,Anura,Bufonidae,Rhinella,1000,10,24,no,B,
Common toad,Bufo bufo,Animalia,Chordata,Amphibia,Anura,Bufonidae,Bufo,60,12,36,no,B,
American toad,Anaxyrus americanus,Animalia,Chordata,Amphibia,Anura,Bufonidae,Anaxyrus,40,10,36,no,B,
Grey treefrog,Hyla versicolor,Animalia,Chordata,Amphibia,Anura,Hylidae,Hyla,8,7,9,no,B,
Red-eyed treefrog,Agalychnis callidryas,Animalia,Chordata,Amphibia,Anura,Hylidae,Agalychnis,10,5,9,no,B,
Dyeing poison frog,Dendrobates tinctorius,Animalia,Chordata,Amphibia,Anura,Dendrobatidae,Dendrobates,4,10,20,no,B,
African clawed frog,Xenopus laevis,Animalia,Chordata,Amphibia,Anura,Pipidae,Xenopus,60,15,30,no,A,
African bullfrog,Pyxicephalus adspersus,Animalia,Chordata,Amphibia,Anura,Pyxicephalidae,Pyxicephalus,1400,20,45,no,B,
Argentine horned frog,Ceratophrys ornata,Animalia,Chordata,Amphibia,Anura,Ceratophryidae,Ceratophrys,300,7,15,no,B,
Cayenne caecilian,Typhlonectes compressicauda,Animalia,Chordata,Amphibia,Gymnophiona,Typhlonectidae,Typhlonectes,60,5,12,no,C,
Greenland shark,Somniosus microcephalus,Animalia,Chordata,Chondrichthyes,Squaliformes,Somniosidae,Somniosus,700000,392,,no,A,Eye lens radiocarbon dating; longest-lived vertebrate
Whale shark,Rhincodon typus,Animalia,Chordata,Chondrichthyes,Orectolobiformes,Rhincodontidae,Rhincodon,15000000,100,,no,B,Bomb radiocarbon vertebral dating
Nurse shark,Ginglymostoma cirratum,Animalia,Chordata,Chondrichthyes,Orectolobiformes,Ginglymostomatidae,Ginglymostoma,90000,25,24,no,B,
Great white shark,Carcharodon carcharias,Animalia,Chordata,Chondrichthyes,Lamniformes,Lamnidae,Carcharodon,1000000,73,,no,B,
Shortfin mako,Isurus oxyrinchus,Animalia,Chordata,Chondrichthyes,Lamniformes,Lamnidae,Isurus,60000,32,,no,B,
Basking shark,Cetorhinus maximus,Animalia,Chordata,Chondrichthyes,Lamniformes,Cetorhinidae,Cetorhinus,4000000,50,,no,C,
Tiger shark,Galeocerdo cuvier,Animalia,Chordata,Chondrichthyes,Carcharhiniformes,Carcharhinidae,Galeocerdo,400000,37,,no,B,
Scalloped hammerhead,Sphyrna lewini,Animalia,Chordata,Chondrichthyes,Carcharhiniformes,Sphyrnidae,Sphyrna,80000,35,,no,B,
Small-spotted catshark,Scyliorhinus canicula,Animalia,Chordata,Chondrichthyes,Carcharhiniformes,Scyliorhinidae,Scyliorhinus,1000,12,20,no,B,
Bluntnose sixgill shark,Hexanchus griseus,Animalia,Chordata,Chondrichthyes,Hexanchiformes,Hexanchidae,Hexanchus,400000,80,,no,C,
Common thornback ray,Raja clavata,Animalia,Chordata,Chondrichthyes,Rajiformes,Rajidae,Raja,3000,15,,no,B,
Giant manta ray,Mobula birostris,Animalia,Chordata,Chondrichthyes,Myliobatiformes,Mobulidae,Mobula,1400000,45,,no,C,
Spotted ratfish,Hydrolagus colliei,Animalia,Chordata,Chondrichthyes,Chimaeriformes,Chimaeridae,Hydrolagus,1500,20,,no,C,
Coelacanth,Latimeria chalumnae,Animalia,Chordata,Sarcopterygii,Coelacanthiformes,Latimeriidae,Latimeria,80000,100,,no,B,Recent scale annuli revision
Rougheye rockfish,Sebastes aleutianus,Animalia,Chordata,Actinopterygii,Perciformes,Sebastidae,Sebastes,2500,205,,no,A,Otolith annuli
Yelloweye rockfish,Sebastes ruberrimus,Animalia,Chordata,Actinopterygii,Perciformes,Sebastidae,Sebastes,5000,118,,no,A,
Black rockfish,Sebastes melanops,Animalia,Chordata,Actinopterygii,Perciformes,Sebastidae,Sebastes,1800,50,,no,B,
Lake sturgeon,Acipenser fulvescens,Animalia,Chordata,Actinopterygii,Acipenseriformes,Acipenseridae,Acipenser,40000,152,,no,A,
Beluga sturgeon,Huso huso,Animalia,Chordata,Actinopterygii,Acipenseriformes,Acipenseridae,Huso,300000,118,,no,B,
American paddlefish,Polyodon spathula,Animalia,Chordata,Actinopterygii,Acipenseriformes,Polyodontidae,Polyodon,25000,55,,no,B,
Orange roughy,Hoplostethus atlanticus,Animalia,Chordata,Actinopterygii,Trachichthyiformes,Trachichthyidae,Hoplostethus,1500,149,,no,A,
Alligator gar,Atractosteus spatula,Animalia,Chordata,Actinopterygii,Lepisosteiformes,Lepisosteidae,Atractosteus,45000,95,,no,B,
Arapaima,Arapaima gigas,Animalia,Chordata,Actinopterygii,Osteoglossiformes,Arapaimidae,Arapaima,100000,20,20,no,B,
European eel,Anguilla anguilla,Animalia,Chordata,Actinopterygii,Anguilliformes,Anguillidae,Anguilla,1000,25,85,no,A,Captive record Putte
Atlantic cod,Gadus morhua,Animalia,Chordata,Actinopterygii,Gadiformes,Gadidae,Gadus,10000,25,,no,B,
Sockeye salmon,Oncorhynchus nerka,Animalia,Chordata,Actinopterygii,Salmoniformes,Salmonidae,Oncorhynchus,2500,7,,no,A,Semelparous
Atlantic salmon,Salmo salar,Animalia,Chordata,Actinopterygii,Salmoniformes,Salmonidae,Salmo,4500,13,,no,B,
Brown trout,Salmo trutta,Animalia,Chordata,Actinopterygii,Salmoniformes,Salmonidae,Salmo,1000,20,18,no,B,
Lake trout,Salvelinus namaycush,Animalia,Chordata,Actinopterygii,Salmoniformes,Salmonidae,Salvelinus,5000,62,,no,B,
Koi,Cyprinus rubrofuscus,Animalia,Chordata,Actinopterygii,Cypriniformes,Cyprinidae,Cyprinus,4000,30,50,no,B,Hanako's claimed 226 is unverified
Goldfish,Carassius auratus,Animalia,Chordata,Actinopterygii,Cypriniformes,Cyprinidae,Carassius,100,15,43,no,B,Captive record Tish
Zebrafish,Danio rerio,Animalia,Chordata,Actinopterygii,Cypriniformes,Danionidae,Danio,0.8,3,5.5,no,A,
Bigmouth buffalo,Ictiobus cyprinellus,Animalia,Chordata,Actinopterygii,Cypriniformes,Catostomidae,Ictiobus,15000,112,,no,A,Otolith dating revised this species from 26 to 112 years
Guppy,Poecilia reticulata,Animalia,Chordata,Actinopterygii,Cyprinodontiformes,Poeciliidae,Poecilia,0.2,2,5,no,B,
Turquoise killifish,Nothobranchius furzeri,Animalia,Chordata,Actinopterygii,Cyprinodontiformes,Nothobranchiidae,Nothobranchius,3,0.4,1,no,A,Shortest-lived vertebrate bred in captivity
Channel catfish,Ictalurus punctatus,Animalia,Chordata,Actinopterygii,Siluriformes,Ictaluridae,Ictalurus,3000,24,,no,B,
Wels catfish,Silurus glanis,Animalia,Chordata,Actinopterygii,Siluriformes,Siluridae,Silurus,50000,60,,no,B,
Northern pike,Esox lucius,Animalia,Chordata,Actinopterygii,Esociformes,Esocidae,Esox,5000,30,,no,B,
European perch,Perca fluviatilis,Animalia,Chordata,Actinopterygii,Perciformes,Percidae,Perca,400,22,,no,B,
Nile tilapia,Oreochromis niloticus,Animalia,Chordata,Actinopterygii,Cichliformes,Cichlidae,Oreochromis,600,9,12,no,B,
Clownfish,Amphiprion ocellaris,Animalia,Chordata,Actinopterygii,Perciformes,Pomacentridae,Amphiprion,25,12,30,no,B,
Atlantic bluefin tuna,Thunnus thynnus,Animalia,Chordata,Actinopterygii,Scombriformes,Scombridae,Thunnus,250000,40,,no,B,
Atlantic herring,Clupea harengus,Animalia,Chordata,Actinopterygii,Clupeiformes,Clupeidae,Clupea,300,22,,no,B,
Atlantic halibut,Hippoglossus hippoglossus,Animalia,Chordata,Actinopterygii,Pleuronectiformes,Pleuronectidae,Hippoglossus,80000,50,,no,B,
Ocean sunfish,Mola mola,Animalia,Chordata,Actinopterygii,Tetraodontiformes,Molidae,Mola,1000000,23,,no,C,
Big-belly seahorse,Hippocampus abdominalis,Animalia,Chordata,Actinopterygii,Syngnathiformes,Syngnathidae,Hippocampus,20,5,7,no,B,
Ocean quahog,Arctica islandica,Animalia,Mollusca,Bivalvia,Venerida,Arcticidae,Arctica,50,507,,no,A,Ming; shell annuli. Longest-lived non-colonial animal
Giant clam,Tridacna gigas,Animalia,Mollusca,Bivalvia,Cardiida,Cardiidae,Tridacna,200000,100,,no,B,
Freshwater pearl mussel,Margaritifera margaritifera,Animalia,Mollusca,Bivalvia,Unionida,Margaritiferidae,Margaritifera,80,190,,no,A,
Eastern oyster,Crassostrea virginica,Animalia,Mollusca,Bivalvia,Ostreida,Ostreidae,Crassostrea,100,20,,no,B,
Blue mussel,Mytilus edulis,Animalia,Mollusca,Bivalvia,Mytilida,Mytilidae,Mytilus,15,24,,no,B,
Great scallop,Pecten maximus,Animalia,Mollusca,Bivalvia,Pectinida,Pectinidae,Pecten,150,22,,no,B,
Red abalone,Haliotis rufescens,Animalia,Mollusca,Gastropoda,Lepetellida,Haliotidae,Haliotis,700,54,,no,B,
Roman snail,Helix pomatia,Animalia,Mollusca,Gastropoda,Stylommatophora,Helicidae,Helix,25,10,35,no,B,
Giant African land snail,Lissachatina fulica,Animalia,Mollusca,Gastropoda,Stylommatophora,Achatinidae,Lissachatina,150,5,9,no,B,
Giant Pacific octopus,Enteroctopus dofleini,Animalia,Mollusca,Cephalopoda,Octopoda,Enteroctopodidae,Enteroctopus,15000,5,5,no,A,Semelparous; strikingly low for its mass and brain
Common octopus,Octopus vulgaris,Animalia,Mollusca,Cephalopoda,Octopoda,Octopodidae,Octopus,3000,2,2,no,A,
Chambered nautilus,Nautilus pompilius,Animalia,Mollusca,Cephalopoda,Nautilida,Nautilidae,Nautilus,1300,20,20,no,B,The one long-lived cephalopod; it is not semelparous
Common cuttlefish,Sepia officinalis,Animalia,Mollusca,Cephalopoda,Sepiida,Sepiidae,Sepia,1000,2,2,no,A,
Longfin inshore squid,Doryteuthis pealeii,Animalia,Mollusca,Cephalopoda,Myopsida,Loliginidae,Doryteuthis,200,1,1,no,A,
American lobster,Homarus americanus,Animalia,Arthropoda,Malacostraca,Decapoda,Nephropidae,Homarus,1000,70,,no,B,Negligible senescence claimed but moult-limited
European lobster,Homarus gammarus,Animalia,Arthropoda,Malacostraca,Decapoda,Nephropidae,Homarus,1200,50,,no,C,
Red king crab,Paralithodes camtschaticus,Animalia,Arthropoda,Malacostraca,Decapoda,Lithodidae,Paralithodes,5000,30,,no,B,
Edible crab,Cancer pagurus,Animalia,Arthropoda,Malacostraca,Decapoda,Cancridae,Cancer,1500,30,,no,B,
Caribbean spiny lobster,Panulirus argus,Animalia,Arthropoda,Malacostraca,Decapoda,Palinuridae,Panulirus,1500,20,,no,B,
Signal crayfish,Pacifastacus leniusculus,Animalia,Arthropoda,Malacostraca,Decapoda,Astacidae,Pacifastacus,80,20,,no,B,
Antarctic krill,Euphausia superba,Animalia,Arthropoda,Malacostraca,Euphausiacea,Euphausiidae,Euphausia,1,6,,no,B,
Black garden ant queen,Lasius niger,Animalia,Arthropoda,Insecta,Hymenoptera,Formicidae,Lasius,0.005,15,29,no,A,Laboratory record
Leafcutter ant queen,Atta cephalotes,Animalia,Arthropoda,Insecta,Hymenoptera,Formicidae,Atta,0.05,15,20,no,B,
Honey bee queen,Apis mellifera,Animalia,Arthropoda,Insecta,Hymenoptera,Apidae,Apis,0.18,4,5,no,A,Same genome as the worker
Honey bee worker,Apis mellifera,Animalia,Arthropoda,Insecta,Hymenoptera,Apidae,Apis,0.09,0.15,0.15,no,A,Summer worker; caste not genes sets the lifespan
Buff-tailed bumblebee queen,Bombus terrestris,Animalia,Arthropoda,Insecta,Hymenoptera,Apidae,Bombus,0.6,1,1,no,B,
Common wasp,Vespula vulgaris,Animalia,Arthropoda,Insecta,Hymenoptera,Vespidae,Vespula,0.08,0.1,0.1,no,B,Worker
Termite queen,Macrotermes bellicosus,Animalia,Arthropoda,Insecta,Blattodea,Termitidae,Macrotermes,0.5,30,,no,B,
American cockroach,Periplaneta americana,Animalia,Arthropoda,Insecta,Blattodea,Blattidae,Periplaneta,1,1,2,no,B,
Periodical cicada,Magicicada septendecim,Animalia,Arthropoda,Insecta,Hemiptera,Cicadidae,Magicicada,1.5,17,,no,A,Nearly the whole life is spent underground as a nymph
Monarch butterfly,Danaus plexippus,Animalia,Arthropoda,Insecta,Lepidoptera,Nymphalidae,Danaus,0.5,0.75,1,no,A,Migratory generation
Silkmoth,Bombyx mori,Animalia,Arthropoda,Insecta,Lepidoptera,Bombycidae,Bombyx,1,0.15,0.15,no,B,
Common fruit fly,Drosophila melanogaster,Animalia,Arthropoda,Insecta,Diptera,Drosophilidae,Drosophila,0.001,0.16,0.25,no,A,
Northern house mosquito,Culex pipiens,Animalia,Arthropoda,Insecta,Diptera,Culicidae,Culex,0.0025,0.1,0.3,no,B,
Mealworm beetle,Tenebrio molitor,Animalia,Arthropoda,Insecta,Coleoptera,Tenebrionidae,Tenebrio,0.15,1,2,no,B,
Stag beetle,Lucanus cervus,Animalia,Arthropoda,Insecta,Coleoptera,Lucanidae,Lucanus,3,5,6,no,B,Adult stage is only a few months of that
Desert locust,Schistocerca gregaria,Animalia,Arthropoda,Insecta,Orthoptera,Acrididae,Schistocerca,2,0.5,0.7,no,B,
House cricket,Acheta domesticus,Animalia,Arthropoda,Insecta,Orthoptera,Gryllidae,Acheta,0.5,0.25,0.3,no,B,
Emperor dragonfly,Anax imperator,Animalia,Arthropoda,Insecta,Odonata,Aeshnidae,Anax,1.2,2,,no,B,Mostly as an aquatic nymph
Common mayfly,Ephemera danica,Animalia,Arthropoda,Insecta,Ephemeroptera,Ephemeridae,Ephemera,0.03,2,,no,A,Two years as a nymph; the winged adult lives about a day
Mexican redknee tarantula,Brachypelma hamorii,Animalia,Arthropoda,Arachnida,Araneae,Theraphosidae,Brachypelma,20,30,30,no,A,Female
Desert blonde tarantula,Aphonopelma chalcodes,Animalia,Arthropoda,Arachnida,Araneae,Theraphosidae,Aphonopelma,25,25,30,no,B,Female
European garden spider,Araneus diadematus,Animalia,Arthropoda,Arachnida,Araneae,Araneidae,Araneus,0.5,1,1,no,B,
Emperor scorpion,Pandinus imperator,Animalia,Arthropoda,Arachnida,Scorpiones,Scorpionidae,Pandinus,30,8,8,no,B,
Deer tick,Ixodes scapularis,Animalia,Arthropoda,Arachnida,Ixodida,Ixodidae,Ixodes,0.003,2,3,no,B,
Atlantic horseshoe crab,Limulus polyphemus,Animalia,Arthropoda,Merostomata,Xiphosura,Limulidae,Limulus,1000,20,,no,B,
Giant centipede,Scolopendra gigantea,Animalia,Arthropoda,Chilopoda,Scolopendromorpha,Scolopendridae,Scolopendra,50,10,10,no,C,
Water flea,Daphnia magna,Animalia,Arthropoda,Branchiopoda,Diplostraca,Daphniidae,Daphnia,0.001,0.1,0.2,no,A,
Brine shrimp,Artemia salina,Animalia,Arthropoda,Branchiopoda,Anostraca,Artemiidae,Artemia,0.01,0.3,0.5,no,B,
Acorn barnacle,Semibalanus balanoides,Animalia,Arthropoda,Thecostraca,Balanomorpha,Archaeobalanidae,Semibalanus,0.5,6,,no,B,
Red sea urchin,Mesocentrotus franciscanus,Animalia,Echinodermata,Echinoidea,Camarodonta,Strongylocentrotidae,Mesocentrotus,500,200,,no,A,Little evidence of senescence
Common starfish,Asterias rubens,Animalia,Echinodermata,Asteroidea,Forcipulatida,Asteriidae,Asterias,80,10,,no,B,
California sea cucumber,Apostichopus californicus,Animalia,Echinodermata,Holothuroidea,Synallactida,Stichopodidae,Apostichopus,400,12,,no,C,
Common earthworm,Lumbricus terrestris,Animalia,Annelida,Clitellata,Crassiclitellata,Lumbricidae,Lumbricus,4,6,10,no,B,
Medicinal leech,Hirudo medicinalis,Animalia,Annelida,Clitellata,Arhynchobdellida,Hirudinidae,Hirudo,5,15,27,no,B,
Cold-seep tubeworm,Lamellibrachia luymesi,Animalia,Annelida,Polychaeta,Sabellida,Siboglinidae,Lamellibrachia,50,250,,no,B,Growth-rate age estimate; among the longest-lived non-colonial invertebrates
Hydra,Hydra vulgaris,Animalia,Cnidaria,Hydrozoa,Anthoathecata,Hydridae,Hydra,0.001,4,4,no,B,No detectable increase in mortality with age under laboratory conditions
Moon jellyfish,Aurelia aurita,Animalia,Cnidaria,Scyphozoa,Semaeostomeae,Ulmaridae,Aurelia,150,1,1,no,B,Medusa stage only
Snakelocks anemone,Anemonia viridis,Animalia,Cnidaria,Anthozoa,Actiniaria,Actiniidae,Anemonia,20,80,,no,C,
Black coral,Leiopathes glaberrima,Animalia,Cnidaria,Anthozoa,Antipatharia,Leiopathidae,Leiopathes,5000,4265,,yes,B,Colony age by radiocarbon; individual polyps live far shorter
Boulder star coral,Orbicella faveolata,Animalia,Cnidaria,Anthozoa,Scleractinia,Merulinidae,Orbicella,20000,600,,yes,C,Colony age
Giant barrel sponge,Xestospongia muta,Animalia,Porifera,Demospongiae,Haplosclerida,Petrosiidae,Xestospongia,30000,2300,,yes,C,Colony age estimate from growth rates
Glass sponge,Monorhaphis chuni,Animalia,Porifera,Hexactinellida,Amphidiscosida,Monorhaphididae,Monorhaphis,1000,11000,,yes,C,Spicule growth-ring estimate; the oldest age attributed to any animal
Nematode,Caenorhabditis elegans,Animalia,Nematoda,Chromadorea,Rhabditida,Rhabditidae,Caenorhabditis,0.000001,0.055,0.055,no,A,
Tardigrade,Ramazzottius varieornatus,Animalia,Tardigrada,Eutardigrada,Parachela,Ramazzottiidae,Ramazzottius,0.0000015,0.15,0.3,no,C,Excludes cryptobiosis; desiccated animals persist far longer
Bdelloid rotifer,Philodina roseola,Animalia,Rotifera,Bdelloidea,Philodinida,Philodinidae,Philodina,0.0000005,0.1,0.12,no,B,
